"TRANSF", "SWEEP", "off(A)"
          0,  0, 7.83299961646861647E+001
          1,  1, 7.82905795138615588E+001
         64,  1, 7.72267341403389480E+001
        128,  1, 7.61906629388501528E+001
        192,  1, 7.51327255598981623E+001
        256,  1, 7.46044804562865096E+001
        320,  1, 7.41313872474695756E+001
        384,  1, 7.37104593338089984E+001
        448,  1, 7.34749451193248859E+001
        512,  1, 7.30693030546064506E+001
        576,  1, 7.29329077942214212E+001
        640,  1, 7.28141788090177471E+001
        704,  1, 7.26930874911172253E+001
        768,  1, 7.25948348824529717E+001
        832,  1, 7.24146702418887429E+001
        896,  1, 7.23292952339639044E+001
        960,  1, 7.22585812224387496E+001
       1024,  1, 7.21803364685688535E+001
       1088,  1, 7.21467952790823119E+001
       1152,  1, 7.21069082828578303E+001
       1216,  1, 7.20826633236206789E+001
       1280,  1, 7.20646591965446106E+001
       1344,  1, 7.20499721957882144E+001
       1408,  1, 7.20375061975903463E+001
       1472,  1, 7.20245805238437384E+001
       1536,  1, 7.20150140935100751E+001
       1600,  1, 7.20095061293310863E+001
       1664,  1, 7.20056262189271479E+001
       1728,  1, 7.19997008195560397E+001
       1792,  1, 7.19981624974537766E+001
       1856,  1, 7.19959671141725153E+001
       1920,  1, 7.19944266878717656E+001
       1984,  1, 7.19927079766778064E+001
       2048,  1, 6.62428273860131327E+001
       2112,  1, 6.02641260820693816E+001
       2176,  1, 5.38146638107745758E+001
       2240,  1, 4.98927294813701607E+001
       2304,  1, 4.59023909209259386E+001
       2368,  1, 4.32516737981006898E+001
       2432,  1, 3.98366570492377363E+001
       2496,  1, 3.71441979894279939E+001
       2560,  1, 3.39874907886778601E+001
       2624,  1, 3.20682208725919509E+001
       2688,  1, 3.01609652968249975E+001
       2752,  1, 2.91379340234988398E+001
       2816,  1, 2.71382363631152295E+001
       2880,  1, 2.54125957977769232E+001
       2944,  1, 2.34664302102030291E+001
       3008,  1, 2.19340214687068453E+001
       3072,  1, 2.05589990885242138E+001
       3136,  1, 1.89695591826817704E+001
       3200,  1, 1.76287851400996907E+001
       3264,  1, 1.67184788283251038E+001
       3328,  1, 1.57806152269333904E+001
       3392,  1, 1.48087476521097745E+001
       3456,  1, 1.42016189017142267E+001
       3520,  1, 1.36500842138364042E+001
       3584,  1, 1.29896354698271139E+001
       3648,  1, 1.26082005682241540E+001
       3712,  1, 1.20768558553452650E+001
       3776,  1, 1.16065075726386855E+001
       3840,  1, 1.10582566179219626E+001
       3904,  1, 1.06020503867489211E+001
       3968,  1, 1.02142088338873656E+001
       4032,  1, 9.78136416222632477E+000
       4096,  1, 9.54133018884834883E+000
       4160,  1, 9.28402965318482742E+000
       4224,  1, 9.06477415949730236E+000
       4288,  1, 8.87270172433574444E+000
       4352,  1, 8.70091547452090808E+000
       4416,  1, 8.47478717266148429E+000
       4480,  1, 8.25593050355180935E+000
       4544,  1, 8.11778272829635839E+000
       4608,  1, 7.99707726026263810E+000
       4672,  1, 7.87756812733445866E+000
       4736,  1, 7.76974896313855101E+000
       4800,  1, 7.62677937403691253E+000
       4864,  1, 7.51866910279161260E+000
       4928,  1, 7.45751048555439588E+000
       4992,  1, 7.38715650405669599E+000
       5056,  1, 7.29728436144043968E+000
       5120,  1, 7.23039470343550494E+000
       5184,  1, 7.15571278806728017E+000
       5248,  1, 7.10311699749373293E+000
       5312,  1, 7.05667974198624570E+000
       5376,  1, 7.02047756298971226E+000
       5440,  1, 6.94792724458919864E+000
       5504,  1, 6.90595185079772378E+000
       5568,  1, 6.88250382857088017E+000
       5632,  1, 6.85799422793200986E+000
       5696,  1, 6.83620998934046487E+000
       5760,  1, 6.81218580173278365E+000
       5824,  1, 6.79746506715334942E+000
       5888,  1, 6.78746379206949513E+000
       5952,  1, 6.78101057642450034E+000
       6016,  1, 6.77604797151871452E+000
       6080,  1, 6.77344471370450485E+000
       6144,  1, 6.69827249527525392E+000
       6208,  1, 6.66195424693381177E+000
       6272,  1, 6.63097752304808541E+000
       6336,  1, 6.59131630685317393E+000
       6400,  1, 6.56956065226324437E+000
       6464,  1, 6.54581716535807434E+000
       6528,  1, 6.53618530455696423E+000
       6592,  1, 6.51479504945969712E+000
       6656,  1, 6.48632677880913189E+000
       6720,  1, 6.47303152379325120E+000
       6784,  1, 6.45996180651539387E+000
       6848,  1, 6.44876843626194685E+000
       6912,  1, 6.43448580602128928E+000
       6976,  1, 6.41998292987628272E+000
       7040,  1, 6.40880267356005806E+000
       7104,  1, 6.39653607708050398E+000
       7168,  1, 6.38492979135421646E+000
       7232,  1, 6.37465370255560515E+000
       7296,  1, 6.36726671424122337E+000
       7360,  1, 6.35790079016393328E+000
       7424,  1, 6.34665539168267578E+000
       7488,  1, 6.33875538210338174E+000
       7552,  1, 6.33190059126908178E+000
       7616,  1, 6.32287324860068267E+000
       7680,  1, 6.31435559252601042E+000
       7744,  1, 6.30614728823322856E+000
       7808,  1, 6.29854443312073897E+000
       7872,  1, 6.29122617268066353E+000
       7936,  1, 6.28402130344496612E+000
       8000,  1, 6.27920323335366692E+000
       8064,  1, 6.27383125268496045E+000
       8128,  1, 6.27033123480883070E+000
       8129,  2, 6.26673589368916151E+000
       8192,  2, 6.24372038788411565E+000
       8256,  2, 6.22489758887074451E+000
       8320,  2, 6.21170871519362322E+000
       8384,  2, 6.19422093187682954E+000
       8448,  2, 6.18242872954495848E+000
       8512,  2, 6.16710096619550363E+000
       8576,  2, 6.16121798918054253E+000
       8640,  2, 6.14996075276401122E+000
       8704,  2, 6.13964604794389324E+000
       8768,  2, 6.12876298523422403E+000
       8832,  2, 6.11793474039070784E+000
       8896,  2, 6.10906630242306381E+000
       8960,  2, 6.09625422001335160E+000
       9024,  2, 6.08838724185191271E+000
       9088,  2, 6.07773882320701553E+000
       9152,  2, 6.06905136847197735E+000
       9216,  2, 6.05787948756515249E+000
       9280,  2, 6.05144133253679239E+000
       9344,  2, 6.04336529145755286E+000
       9408,  2, 6.03487409813136200E+000
       9472,  2, 6.02490298683107994E+000
       9536,  2, 6.01657474803231285E+000
       9600,  2, 6.01056176297936773E+000
       9664,  2, 6.00383944723553320E+000
       9728,  2, 5.99731038245920889E+000
       9792,  2, 5.99034384263628983E+000
       9856,  2, 5.98716872070314565E+000
       9920,  2, 5.98295815262675923E+000
       9984,  2, 5.97749413548363950E+000
      10048,  2, 5.97382676853883243E+000
      10112,  2, 5.97202859484180326E+000
      10176,  2, 5.38445345312021484E+000
      10240,  2, 4.94392578572279806E+000
      10304,  2, 4.66768084843515307E+000
      10368,  2, 4.37001066242178471E+000
      10432,  2, 4.09794962382239536E+000
      10496,  2, 3.86109355337788429E+000
      10560,  2, 3.71027233532072431E+000
      10624,  2, 3.55295262027561565E+000
      10688,  2, 3.43595034778823960E+000
      10752,  2, 3.28591565005417996E+000
      10816,  2, 3.16335443552215434E+000
      10880,  2, 3.07755260258326846E+000
      10944,  2, 2.99881532968470799E+000
      11008,  2, 2.92577676963441213E+000
      11072,  2, 2.86500363661102853E+000
      11136,  2, 2.81837730060530811E+000
      11200,  2, 2.77366995529508076E+000
      11264,  2, 2.73543048271283062E+000
      11328,  2, 2.69374041223882754E+000
      11392,  2, 2.65655798882608840E+000
      11456,  2, 2.62444828364591887E+000
      11520,  2, 2.58952386564426806E+000
      11584,  2, 2.56011126646051101E+000
      11648,  2, 2.53051385962679642E+000
      11712,  2, 2.50063299222741309E+000
      11776,  2, 2.47189527554110056E+000
      11840,  2, 2.44179306938798435E+000
      11904,  2, 2.40642045194536758E+000
      11968,  2, 2.38141643202153785E+000
      12032,  2, 2.34390132829415654E+000
      12096,  2, 2.31046966534671405E+000
      12160,  2, 2.28792044489012625E+000
      12224,  2, 2.25641076457696999E+000
      12288,  2, 2.23780232558576619E+000
      12352,  2, 2.21707594388168427E+000
      12416,  2, 2.20233247521741804E+000
      12480,  2, 2.18560860012003655E+000
      12544,  2, 2.16213835809990984E+000
      12608,  2, 2.13776712079494180E+000
      12672,  2, 2.10948635343180824E+000
      12736,  2, 2.09430073538293904E+000
      12800,  2, 2.06392058883836249E+000
      12864,  2, 2.04100975752830349E+000
      12928,  2, 2.02115872071721592E+000
      12992,  2, 1.99155433683388638E+000
      13056,  2, 1.97760766947626210E+000
      13120,  2, 1.94734924395544118E+000
      13184,  2, 1.93260501004182927E+000
      13248,  2, 1.91738830063217902E+000
      13312,  2, 1.89820791287534552E+000
      13376,  2, 1.88317129256063343E+000
      13440,  2, 1.86395262390968308E+000
      13504,  2, 1.84884511514474559E+000
      13568,  2, 1.83402191591858621E+000
      13632,  2, 1.81889350186509269E+000
      13696,  2, 1.80879301151983407E+000
      13760,  2, 1.79949755059497774E+000
      13824,  2, 1.79171675058781110E+000
      13888,  2, 1.78246071145405405E+000
      13952,  2, 1.77825589888210356E+000
      14016,  2, 1.77187514037829552E+000
      14080,  2, 1.76765771723866205E+000
      14144,  2, 1.76486854003749105E+000
      14208,  2, 1.76395717346648695E+000
      14272,  2, 1.75534982047819876E+000
      14336,  2, 1.74223429804019969E+000
      14400,  2, 1.72904627137699674E+000
      14464,  2, 1.71300138236916277E+000
      14528,  2, 1.69995432400854574E+000
      14592,  2, 1.68740489444826469E+000
      14656,  2, 1.67881171310318611E+000
      14720,  2, 1.65919053999151456E+000
      14784,  2, 1.63712354469989130E+000
      14848,  2, 1.62183387904009413E+000
      14912,  2, 1.60466743673105716E+000
      14976,  2, 1.59249310870128702E+000
      15040,  2, 1.57568594876233536E+000
      15104,  2, 1.55982385011849956E+000
      15168,  2, 1.54088034983071065E+000
      15232,  2, 1.52749197034129969E+000
      15296,  2, 1.51442090308079158E+000
      15360,  2, 1.50092886026502592E+000
      15424,  2, 1.48419261821621085E+000
      15488,  2, 1.46779668310143419E+000
      15552,  2, 1.45346351989120381E+000
      15616,  2, 1.43824881850410224E+000
      15680,  2, 1.42419155432407107E+000
      15744,  2, 1.40825300944782694E+000
      15808,  2, 1.39763781101771878E+000
      15872,  2, 1.38679063606963826E+000
      15936,  2, 1.37761109948593741E+000
      16000,  2, 1.36874111619731198E+000
      16064,  2, 1.36000455212993621E+000
      16128,  2, 1.35317655802482406E+000
      16192,  2, 1.34851836707630945E+000
      16256,  2, 1.34596666264643239E+000
      16257,  3, 1.34515466368956571E+000
      16320,  3, 1.32718986596200317E+000
      16384,  3, 1.30972197931860546E+000
      16448,  3, 1.28508860446879369E+000
      16512,  3, 1.26881854571206265E+000
      16576,  3, 1.24662060028409982E+000
      16640,  3, 1.23171183696816078E+000
      16704,  3, 1.21139085900970023E+000
      16768,  3, 1.19614603455005231E+000
      16832,  3, 1.18081046610019458E+000
      16896,  3, 1.17004831211585758E+000
      16960,  3, 1.14312534874845073E+000
      17024,  3, 1.12833459405772518E+000
      17088,  3, 1.11476299495551245E+000
      17152,  3, 1.09397903514218564E+000
      17216,  3, 1.07867796320511444E+000
      17280,  3, 1.06423140704093599E+000
      17344,  3, 1.04506683018165081E+000
      17408,  3, 1.03028521137405460E+000
      17472,  3, 1.01195656939415923E+000
      17536,  3, 1.00126864893544565E+000
      17600,  3, 9.83208224448729684E-001
      17664,  3, 9.69766432521215527E-001
      17728,  3, 9.56310504488779634E-001
      17792,  3, 9.41337093485262844E-001
      17856,  3, 9.27220013454764236E-001
      17920,  3, 9.17919357412511294E-001
      17984,  3, 9.02956701346858570E-001
      18048,  3, 8.93864180614680426E-001
      18112,  3, 8.86999253408324750E-001
      18176,  3, 8.77193179866533446E-001
      18240,  3, 8.72129861236856874E-001
      18304,  3, 8.64451890287905700E-001
      18368,  3, 8.59297389857204608E-001
      18432,  3, 8.56044313928199907E-001
      18496,  3, 8.50324648361007629E-001
      18560,  3, 8.45941613319099450E-001
      18624,  3, 8.43780647076579626E-001
      18688,  3, 8.38357690800048960E-001
      18752,  3, 8.35262528815774452E-001
      18816,  3, 8.30072378043469117E-001
      18880,  3, 8.24209589567567402E-001
      18944,  3, 8.20550912480663808E-001
      19008,  3, 8.14319280589496874E-001
      19072,  3, 8.06865344926913863E-001
      19136,  3, 7.99665111224324932E-001
      19200,  3, 7.94988430359717335E-001
      19264,  3, 7.89602944413754559E-001
      19328,  3, 7.81918298656795407E-001
      19392,  3, 7.77480887937858411E-001
      19456,  3, 7.72641544122268153E-001
      19520,  3, 7.67713121099637630E-001
      19584,  3, 7.63167177954503284E-001
      19648,  3, 7.59547194717317908E-001
      19712,  3, 7.54639656889351973E-001
      19776,  3, 7.45719857023841692E-001
      19840,  3, 7.38910952907570584E-001
      19904,  3, 7.34473763139385394E-001
      19968,  3, 7.29646018211185243E-001
      20032,  3, 7.24309897401791636E-001
      20096,  3, 7.18080282294393912E-001
      20160,  3, 7.14968156049294645E-001
      20224,  3, 7.10414679685667849E-001
      20288,  3, 7.03447285338760331E-001
      20352,  3, 6.98989297758811579E-001
      20416,  3, 6.94614638146483165E-001
      20480,  3, 6.90845416455693084E-001
      20544,  3, 6.86872435733002940E-001
      20608,  3, 6.77467007148427336E-001
      20672,  3, 6.70907937271574273E-001
      20736,  3, 6.65936285978770637E-001
      20800,  3, 6.62211625001462356E-001
      20864,  3, 6.60078681177410087E-001
      20928,  3, 6.56903959965455808E-001
      20992,  3, 6.53951659409945596E-001
      21056,  3, 6.50438675066383865E-001
      21120,  3, 6.44957447160231956E-001
      21184,  3, 6.39742411911052855E-001
      21248,  3, 6.35350058098809400E-001
      21312,  3, 6.31431337532959103E-001
      21376,  3, 6.28631106234167736E-001
      21440,  3, 6.25842880889856068E-001
      21504,  3, 6.22684026656310508E-001
      21568,  3, 6.19979867187027578E-001
      21632,  3, 6.17550971117144742E-001
      21696,  3, 6.13510164923872781E-001
      21760,  3, 6.09400169682928539E-001
      21824,  3, 6.07020843792123843E-001
      21888,  3, 6.04475610714332867E-001
      21952,  3, 6.01397743304734833E-001
      22016,  3, 5.97102442333224737E-001
      22080,  3, 5.94220294224871659E-001
      22144,  3, 5.92034821976253567E-001
      22208,  3, 5.89686080126434198E-001
      22272,  3, 5.88199863350028940E-001
      22336,  3, 5.87256767969302818E-001
      22400,  3, 5.84641634945504141E-001
      22464,  3, 5.77207501749785190E-001
      22528,  3, 5.70164674904172664E-001
      22592,  3, 5.63217814539135553E-001
      22656,  3, 5.57067712593801612E-001
      22720,  3, 5.51915728324038457E-001
      22784,  3, 5.46680323699261783E-001
      22848,  3, 5.39429830831380741E-001
      22912,  3, 5.30673204797846965E-001
      22976,  3, 5.25173245930871668E-001
      23040,  3, 5.15907677922862851E-001
      23104,  3, 5.09903493875566771E-001
      23168,  3, 4.97637940854351868E-001
      23232,  3, 4.88282670367179761E-001
      23296,  3, 4.83890837555354891E-001
      23360,  3, 4.75806405541683186E-001
      23424,  3, 4.67948435050255962E-001
      23488,  3, 4.62886044140397079E-001
      23552,  3, 4.56533000056966842E-001
      23616,  3, 4.51584338789632667E-001
      23680,  3, 4.47233900972027476E-001
      23744,  3, 4.40942493107994493E-001
      23808,  3, 4.36524525648103401E-001
      23872,  3, 4.32234882927110209E-001
      23936,  3, 4.27829651797496768E-001
      24000,  3, 4.24801281828486921E-001
      24064,  3, 4.21211283216965493E-001
      24128,  3, 4.17069170736140804E-001
      24192,  3, 4.13579648444473535E-001
      24256,  3, 4.10647831134998476E-001
      24320,  3, 4.09536465540230710E-001
      24384,  3, 4.09218102439459608E-001
      24385,  4, 4.09197588911805854E-001
      24448,  4, 3.99156148214252771E-001
      24512,  4, 3.92127298658806134E-001
      24576,  4, 3.85226252774152844E-001
      24640,  4, 3.77905617554747719E-001
      24704,  4, 3.66578549671496945E-001
      24768,  4, 3.57491339761145777E-001
      24832,  4, 3.50153386543303524E-001
      24896,  4, 3.46187086725366966E-001
      24960,  4, 3.34831866015108226E-001
      25024,  4, 3.28514304104157995E-001
      25088,  4, 3.19958974763005666E-001
      25152,  4, 3.09459834301430203E-001
      25216,  4, 2.95856403146648017E-001
      25280,  4, 2.88722399013590925E-001
      25344,  4, 2.77149043690303187E-001
      25408,  4, 2.74206568876916912E-001
      25472,  4, 2.65594869401613143E-001
      25536,  4, 2.58905167853695051E-001
      25600,  4, 2.51805728589917566E-001
      25664,  4, 2.40760339588764111E-001
      25728,  4, 2.28955023311187333E-001
      25792,  4, 2.19923024695621278E-001
      25856,  4, 2.06039430730431988E-001
      25920,  4, 1.98538189282524064E-001
      25984,  4, 1.93917396760697275E-001
      26048,  4, 1.87544701054235485E-001
      26112,  4, 1.81811022351200308E-001
      26176,  4, 1.76616271400568126E-001
      26240,  4, 1.67784394344015930E-001
      26304,  4, 1.65026414264579951E-001
      26368,  4, 1.63235159736218327E-001
      26432,  4, 1.62833673450367394E-001
      26496,  4, 1.62444086658119852E-001
      26560,  4, 1.62223477651539383E-001
      26624,  4, 1.62024361725058907E-001
      26688,  4, 1.61686626573600861E-001
      26752,  4, 1.61293531798398782E-001
      26816,  4, 1.60952091336675318E-001
      26880,  4, 1.60758308343374789E-001
      26944,  4, 1.60588386288651935E-001
      27008,  4, 1.60429225646999685E-001
      27072,  4, 1.60141949054308036E-001
      27136,  4, 1.59907236236221967E-001
      27200,  4, 1.59687424445657616E-001
      27264,  4, 1.59468657633164923E-001
      27328,  4, 1.58960639709374546E-001
      27392,  4, 1.58649148394643696E-001
      27456,  4, 1.58508331269587743E-001
      27520,  4, 1.58275646786177726E-001
      27584,  4, 1.58174325505667818E-001
      27648,  4, 1.58094577740193670E-001
      27712,  4, 1.57933512632987605E-001
      27776,  4, 1.57668954522915905E-001
      27840,  4, 1.57432617305164474E-001
      27904,  4, 1.57148445558811301E-001
      27968,  4, 1.56951221653652467E-001
      28032,  4, 1.56715150714403423E-001
      28096,  4, 1.56499276799014680E-001
      28160,  4, 1.56162932432376500E-001
      28224,  4, 1.56019280913342606E-001
      28288,  4, 1.55842672917602926E-001
      28352,  4, 1.55607921808078420E-001
      28416,  4, 1.55444242641935848E-001
      28480,  4, 1.55291882198111186E-001
      28544,  4, 1.55225303943773874E-001
      28608,  4, 1.54850496831475754E-001
      28672,  4, 1.54391014551576472E-001
      28736,  4, 1.54268007197794488E-001
      28800,  4, 1.54144009913859542E-001
      28864,  4, 1.53882789490262351E-001
      28928,  4, 1.53532979139636261E-001
      28992,  4, 1.53412489291791382E-001
      29056,  4, 1.53337783294689112E-001
      29120,  4, 1.53220291580783596E-001
      29184,  4, 1.53172270362974455E-001
      29248,  4, 1.53061334039610808E-001
      29312,  4, 1.52557918938276138E-001
      29376,  4, 1.52175141127961155E-001
      29440,  4, 1.51913975320025346E-001
      29504,  4, 1.51701236408847778E-001
      29568,  4, 1.51532151176970914E-001
      29632,  4, 1.51393996183757096E-001
      29696,  4, 1.51247336811345834E-001
      29760,  4, 1.51111541152375461E-001
      29824,  4, 1.51019108549269060E-001
      29888,  4, 1.50848006553295416E-001
      29952,  4, 1.50665824027100326E-001
      30016,  4, 1.50554602650021296E-001
      30080,  4, 1.50408160009248476E-001
      30144,  4, 1.50018690712456659E-001
      30208,  4, 1.49853809898030321E-001
      30272,  4, 1.49709104824002986E-001
      30336,  4, 1.49503378853290875E-001
      30400,  4, 1.49396220360806464E-001
      30464,  4, 1.49286419133641574E-001
      30528,  4, 1.46530900922420410E-001
      30592,  4, 1.45581690670149561E-001
      30656,  4, 1.44100252184732075E-001
      30720,  4, 1.43178955674220454E-001
      30784,  4, 1.40688690762418578E-001
      30848,  4, 1.39731600344806778E-001
      30912,  4, 1.38046952827763525E-001
      30976,  4, 1.32576163191737734E-001
      31040,  4, 1.29113514886781605E-001
      31104,  4, 1.26883944420819961E-001
      31168,  4, 1.25918865695870269E-001
      31232,  4, 1.24414653053344162E-001
      31296,  4, 1.22079672058618707E-001
      31360,  4, 1.19681471131305547E-001
      31424,  4, 1.18127642522760423E-001
      31488,  4, 1.15505472111022661E-001
      31552,  4, 1.14298387863220621E-001
      31616,  4, 1.11858124123031671E-001
      31680,  4, 1.10528272880687548E-001
      31744,  4, 1.09415862617294288E-001
      31808,  4, 1.06950185767558395E-001
      31872,  4, 1.05589382821659944E-001
      31936,  4, 1.05066462033846730E-001
      32000,  4, 1.04117551239312184E-001
      32064,  4, 1.02539570069754463E-001
      32128,  4, 1.01692527889164080E-001
      32192,  4, 1.00110156621865523E-001
      32256,  4, 9.69136967667107163E-002
      32320,  4, 9.59463909401987725E-002
      32384,  4, 9.57505898892268975E-002
      32448,  4, 9.57071023836672113E-002
      32512,  4, 9.57046416681339995E-002
      32513,  5, 9.57040117768667847E-002
      32576,  5, 9.45590618748290285E-002
      32640,  5, 9.06277031133784078E-002
      32704,  5, 8.84357972437726514E-002
      32768,  5, 8.51579070966910767E-002
      32832,  5, 8.39017326381168299E-002
      32896,  5, 8.18171450934965933E-002
      32960,  5, 7.80524408255982016E-002
      33024,  5, 7.47530429248994821E-002
      33088,  5, 7.32751289627092267E-002
      33152,  5, 7.08905530639987597E-002
      33216,  5, 6.42556099530601499E-002
      33280,  5, 6.27873159373692064E-002
      33344,  5, 6.21677298907519979E-002
      33408,  5, 5.98892572320604138E-002
      33472,  5, 5.88301845757169817E-002
      33536,  5, 5.85072737375253796E-002
      33600,  5, 5.63227256822448341E-002
      33664,  5, 5.52124950858647531E-002
      33728,  5, 5.06758196169347225E-002
      33792,  5, 4.26733656866931307E-002
      33856,  5, 4.12154847302968544E-002
      33920,  5, 3.75140245364999694E-002
      33984,  5, 3.35072171406027783E-002
      34048,  5, 3.09553253835527266E-002
      34112,  5, 2.84237707472903486E-002
      34176,  5, 2.78471813569863419E-002
      34240,  5, 2.65105583624111428E-002
      34304,  5, 2.40551002978852853E-002
      34368,  5, 2.21310834184164744E-002
      34432,  5, 2.18806936002112207E-002
      34496,  5, 2.18534016321473880E-002
      34560,  5, 2.18526160202899208E-002
      34624,  5, 2.18516657049009216E-002
      34688,  5, 2.18505517624356937E-002
      34752,  5, 2.18479446959468880E-002
      34816,  5, 2.18474826242807674E-002
      34880,  5, 2.18468211676213463E-002
      34944,  5, 2.18464188784552801E-002
      35008,  5, 2.18446364209364217E-002
      35072,  5, 2.18430086909878092E-002
      35136,  5, 2.18408923728779791E-002
      35200,  5, 2.18403449185805530E-002
      35264,  5, 2.18398701113612440E-002
      35328,  5, 2.18392190245518154E-002
      35392,  5, 2.18383442401220984E-002
      35456,  5, 2.18380306534262450E-002
      35520,  5, 2.18376215957601788E-002
      35584,  5, 2.18365475315925421E-002
      35648,  5, 2.18362618990695055E-002
      35712,  5, 2.18360418719400380E-002
      35776,  5, 2.18357330129193387E-002
      35840,  5, 2.18349763628292552E-002
      35904,  5, 2.18337507686745085E-002
      35968,  5, 2.18328489216045619E-002
      36032,  5, 2.18316368461894707E-002
      36096,  5, 2.18286875393913643E-002
      36160,  5, 2.18242688720082199E-002
      36224,  5, 2.18233519753073951E-002
      36288,  5, 2.18230755589651111E-002
      36352,  5, 2.18224691135512072E-002
      36416,  5, 2.18218886351315249E-002
      36480,  5, 2.18212884850843836E-002
      36544,  5, 2.18206391028871946E-002
      36608,  5, 2.18202970928009915E-002
      36672,  5, 2.18197473060059051E-002
      36736,  5, 2.18172439965698024E-002
      36800,  5, 2.18163865513122147E-002
      36864,  5, 2.18161114228343257E-002
      36928,  5, 2.18156596787842591E-002
      36992,  5, 2.18142609981890195E-002
      37056,  5, 2.18136565720552893E-002
      37120,  5, 2.18130524169618985E-002
      37184,  5, 2.18125955086796858E-002
      37248,  5, 2.18123877005017321E-002
      37312,  5, 2.18122775214702191E-002
      37376,  5, 2.18120877396310101E-002
      37440,  5, 2.18092357154569920E-002
      37504,  5, 2.18067208010713880E-002
      37568,  5, 2.18055191635598035E-002
      37632,  5, 2.18046806665025024E-002
      37696,  5, 2.18036025961626141E-002
      37760,  5, 2.18031720161953463E-002
      37824,  5, 2.18023741171869644E-002
      37888,  5, 2.18019393234413217E-002
      37952,  5, 2.18016967997935428E-002
      38016,  5, 2.18011400397242552E-002
      38080,  5, 2.18007865986732698E-002
      38144,  5, 2.18005662964330382E-002
      38208,  5, 2.18002595655269402E-002
      38272,  5, 2.17979947113499835E-002
      38336,  5, 2.17973101195307536E-002
      38400,  5, 2.17956977618200959E-002
      38464,  5, 2.17943034414035224E-002
      38528,  5, 2.17941297039473368E-002
      38592,  5, 2.17932819105438463E-002
      38656,  5, 2.14452596179707730E-002
      38720,  5, 2.13683122525054336E-002
      38784,  5, 2.11554130212271187E-002
      38848,  5, 2.10712599940946904E-002
      38912,  5, 2.09328562038021901E-002
      38976,  5, 2.07135993364589745E-002
      39040,  5, 2.03636344414948947E-002
      39104,  5, 1.93706111155196835E-002
      39168,  5, 1.81037201394016953E-002
      39232,  5, 1.77211536129887222E-002
      39296,  5, 1.75889251994594160E-002
      39360,  5, 1.74948345490931120E-002
      39424,  5, 1.70023213729764318E-002
      39488,  5, 1.67506588684069382E-002
      39552,  5, 1.64776366769036377E-002
      39616,  5, 1.61889692126151140E-002
      39680,  5, 1.61424056089028191E-002
      39744,  5, 1.57900951530308628E-002
      39808,  5, 1.57176176840658280E-002
      39872,  5, 1.56533835753352515E-002
      39936,  5, 1.53687537783911230E-002
      40000,  5, 1.53113975880047430E-002
      40064,  5, 1.52712901935944789E-002
      40128,  5, 1.52363649784552063E-002
      40192,  5, 1.48341358739917887E-002
      40256,  5, 1.48052488351426564E-002
      40320,  5, 1.40992843186476535E-002
      40384,  5, 1.37880860562272240E-002
      40448,  5, 1.37669366501551420E-002
      40512,  5, 1.37664169521001488E-002
      40576,  5, 1.37663290702115231E-002
      40640,  5, 1.37663289304983637E-002
      40641,  6, 1.37521787826397398E-002
      40704,  6, 1.35615188850158105E-002
      40768,  6, 1.31061971129121622E-002
      40832,  6, 1.30154440291226515E-002
      40896,  6, 1.23698737738168040E-002
      40960,  6, 1.22047796928862126E-002
      41024,  6, 1.13694162063325103E-002
      41088,  6, 1.02737801162316438E-002
      41152,  6, 9.98415285260661513E-003
      41216,  6, 9.71365394653132125E-003
      41280,  6, 9.56690988805316937E-003
      41344,  6, 7.19623905073790530E-003
      41408,  6, 7.16548860696049079E-003
      41472,  6, 7.08980132876760403E-003
      41536,  6, 6.97206664955666439E-003
      41600,  6, 6.93205501351970305E-003
      41664,  6, 6.89402122568776206E-003
      41728,  6, 6.68977117855468293E-003
      41792,  6, 6.49262434562532936E-003
      41856,  6, 4.05004838392993352E-003
      41920,  6, 2.84413796932158703E-003
      41984,  6, 2.68557382867219349E-003
      42048,  6, 2.14071098903416759E-003
      42112,  6, 1.70059914902450922E-003
      42176,  6, 1.30385105605817088E-003
      42240,  6, 1.16230777302042091E-003
      42304,  6, 1.11175826916204879E-003
      42368,  6, 9.62775473926241916E-004
      42432,  6, 7.60642246806522227E-004
      42496,  6, 7.11234421572693896E-004
      42560,  6, 7.09915229500388510E-004
      42624,  6, 7.09908843692326486E-004
      42688,  6, 7.09908822293499656E-004
      42752,  6, 7.09908658889816277E-004
      42816,  6, 7.09908304073538139E-004
      42880,  6, 7.09908123493708187E-004
      42944,  6, 7.09908021766196030E-004
      43008,  6, 7.09907295749136191E-004
      43072,  6, 7.09907069446712776E-004
      43136,  6, 7.09906057168299990E-004
      43200,  6, 7.09905488697823786E-004
      43264,  6, 7.09905359874370904E-004
      43328,  6, 7.09905290702966948E-004
      43392,  6, 7.09905251717000692E-004
      43456,  6, 7.09905050934191801E-004
      43520,  6, 7.09904903704445178E-004
      43584,  6, 7.09904866279779164E-004
      43648,  6, 7.09904758849512225E-004
      43712,  6, 7.09904580234619275E-004
      43776,  6, 7.09904547690326819E-004
      43840,  6, 7.09904475803134006E-004
      43904,  6, 7.09904366100624559E-004
      43968,  6, 7.09904167711933234E-004
      44032,  6, 7.09903845833718722E-004
      44096,  6, 7.09903364378695087E-004
      44160,  6, 7.09902173786569547E-004
      44224,  6, 7.09900193133739866E-004
      44288,  6, 7.09899974173386437E-004
      44352,  6, 7.09899865541369318E-004
      44416,  6, 7.09899825712977865E-004
      44480,  6, 7.09899782455825231E-004
      44544,  6, 7.09899717923910046E-004
      44608,  6, 7.09899618177393444E-004
      44672,  6, 7.09899497720957277E-004
      44736,  6, 7.09899415480028258E-004
      44800,  6, 7.09899254221251635E-004
      44864,  6, 7.09898703696095249E-004
      44928,  6, 7.09898486805530496E-004
      44992,  6, 7.09898444979803803E-004
      45056,  6, 7.09898353835662741E-004
      45120,  6, 7.09897947358582339E-004
      45184,  6, 7.09897782243423922E-004
      45248,  6, 7.09897600326096800E-004
      45312,  6, 7.09897441611517452E-004
      45376,  6, 7.09897380996110010E-004
      45440,  6, 7.09897355515953072E-004
      45504,  6, 7.09897332212484976E-004
      45568,  6, 7.09896308666470971E-004
      45632,  6, 7.09895474485457536E-004
      45696,  6, 7.09895089680903429E-004
      45760,  6, 7.09894817405510984E-004
      45824,  6, 7.09894478291082280E-004
      45888,  6, 7.09894336680622269E-004
      45952,  6, 7.09894095826784526E-004
      46016,  6, 7.09893972409227103E-004
      46080,  6, 7.09893923917118987E-004
      46144,  6, 7.09893685876114653E-004
      46208,  6, 7.09893616516680767E-004
      46272,  6, 7.09893519781659081E-004
      46336,  6, 7.09893440813858575E-004
      46400,  6, 7.09892646124075087E-004
      46464,  6, 7.09892275919405975E-004
      46528,  6, 7.09891331397646667E-004
      46592,  6, 7.09890645076634817E-004
      46656,  6, 7.09890609193265950E-004
      46720,  6, 7.09890146381836470E-004
      46784,  6, 7.05612226804119423E-004
      46848,  6, 7.04016830333576977E-004
      46912,  6, 6.97594431793582283E-004
      46976,  6, 6.96637691323830923E-004
      47040,  6, 6.96113974925569793E-004
      47104,  6, 6.79670969980079170E-004
      47168,  6, 6.62249673405397913E-004
      47232,  6, 6.30817516409831009E-004
      47296,  6, 5.96668652289671780E-004
      47360,  6, 5.86948361507212734E-004
      47424,  6, 5.83090377864460725E-004
      47488,  6, 5.80343456720982956E-004
      47552,  6, 5.59750340210107941E-004
      47616,  6, 5.44945536070982005E-004
      47680,  6, 5.44728287819890825E-004
      47744,  6, 5.37710972355415207E-004
      47808,  6, 5.37017919901182231E-004
      47872,  6, 5.36214364444133102E-004
      47936,  6, 5.36148632973968992E-004
      48000,  6, 5.35136438835933162E-004
      48064,  6, 5.33342245621447569E-004
      48128,  6, 5.33159231261385105E-004
      48192,  6, 5.33038328268292758E-004
      48256,  6, 5.32359357597037854E-004
      48320,  6, 5.25885743827853285E-004
      48384,  6, 5.25137849854380510E-004
      48448,  6, 5.12809068521832769E-004
      48512,  6, 5.10608117132822390E-004
      48576,  6, 5.10586928255825768E-004
      48640,  6, 5.10586928162844915E-004
      48704,  6, 5.10586928015607550E-004
      48768,  6, 5.10586928015606682E-004
      48769,  7, 5.09104368778682528E-004
      48832,  7, 5.08353538484669415E-004
      48896,  7, 4.99999435343824027E-004
      48960,  7, 4.98661520280318572E-004
      49024,  7, 4.48448345053033780E-004
      49088,  7, 4.25584365758959480E-004
      49152,  7, 2.89236163870177580E-004
      49216,  7, 2.82126945153518061E-004
      49280,  7, 2.80411762426735402E-004
      49344,  7, 2.71644844909063588E-004
      49408,  7, 2.39812902658240797E-004
      49472,  7, 2.39220923467963614E-004
      49536,  7, 2.39046793732709389E-004
      49600,  7, 2.38855620964692429E-004
      49664,  7, 2.38270062405167819E-004
      49728,  7, 2.37829208811380407E-004
      49792,  7, 2.36821825739912714E-004
      49856,  7, 2.29497869600608700E-004
      49920,  7, 2.08135538656071433E-004
      49984,  7, 3.87823011988290301E-005
      50048,  7, 2.03416902542034827E-005
      50112,  7, 1.52735643948362400E-005
      50176,  7, 1.23474249922884475E-005
      50240,  7, 9.89215762834950862E-006
      50304,  7, 3.86801749433942325E-006
      50368,  7, 3.81970382804510615E-006
      50432,  7, 3.64564285116999485E-006
      50496,  7, 1.68749894197347486E-006
      50560,  7, 1.06936167965150629E-006
      50624,  7, 1.06865728443191532E-006
      50688,  7, 1.06863494147960047E-006
      50752,  7, 1.06863494062413870E-006
      50816,  7, 1.06863494054406105E-006
      50880,  7, 1.06863493999420855E-006
      50944,  7, 1.06863493592600121E-006
      51008,  7, 1.06863493417383330E-006
      51072,  7, 1.06863493295216276E-006
      51136,  7, 1.06863491300570428E-006
      51200,  7, 1.06863490455036242E-006
      51264,  7, 1.06863488900084836E-006
      51328,  7, 1.06863488878240153E-006
      51392,  7, 1.06863488835422384E-006
      51456,  7, 1.06863488804508624E-006
      51520,  7, 1.06863488751691737E-006
      51584,  7, 1.06863488646017494E-006
      51648,  7, 1.06863488644943520E-006
      51712,  7, 1.06863488636335760E-006
      51776,  7, 1.06863488614346213E-006
      51840,  7, 1.06863488567817888E-006
      51904,  7, 1.06863488561614833E-006
      51968,  7, 1.06863488520067909E-006
      52032,  7, 1.06863488429099789E-006
      52096,  7, 1.06863488274401885E-006
      52160,  7, 1.06863487790124244E-006
      52224,  7, 1.06863486360463855E-006
      52288,  7, 1.06863483168101900E-006
      52352,  7, 1.06863483022176059E-006
      52416,  7, 1.06863482935952764E-006
      52480,  7, 1.06863482910982571E-006
      52544,  7, 1.06863482907158599E-006
      52608,  7, 1.06863482895886072E-006
      52672,  7, 1.06863482859085582E-006
      52736,  7, 1.06863482795915432E-006
      52800,  7, 1.06863482742026031E-006
      52864,  7, 1.06863482709309638E-006
      52928,  7, 1.06863482611078507E-006
      52992,  7, 1.06863482334250162E-006
      53056,  7, 1.06863482249828632E-006
      53120,  7, 1.06863482235806849E-006
      53184,  7, 1.06863482174714471E-006
      53248,  7, 1.06863481893438800E-006
      53312,  7, 1.06863481840080171E-006
      53376,  7, 1.06863481704563836E-006
      53440,  7, 1.06863481602672803E-006
      53504,  7, 1.06863481571916952E-006
      53568,  7, 1.06863481555322517E-006
      53632,  7, 1.06863481549687334E-006
      53696,  7, 1.06863480756134925E-006
      53760,  7, 1.06863480265900419E-006
      53824,  7, 1.06863480099233282E-006
      53888,  7, 1.06863479873606406E-006
      53952,  7, 1.06863479609880516E-006
      54016,  7, 1.06863479539722810E-006
      54080,  7, 1.06863479342322078E-006
      54144,  7, 1.06863479257306101E-006
      54208,  7, 1.06863479235267956E-006
      54272,  7, 1.06863479022952498E-006
      54336,  7, 1.06863478988470295E-006
      54400,  7, 1.06863478912301705E-006
      54464,  7, 1.06863478851384874E-006
      54528,  7, 1.06863478385314397E-006
      54592,  7, 1.06863478002912373E-006
      54656,  7, 1.06863476822727413E-006
      54720,  7, 1.06863475970270977E-006
      54784,  7, 1.06863475944477214E-006
      54848,  7, 1.06863475438199692E-006
      54912,  7, 1.06624194118561991E-006
      54976,  7, 1.06533648227905096E-006
      55040,  7, 1.05916082350854994E-006
      55104,  7, 1.05897873903669432E-006
      55168,  7, 1.05763579514929885E-006
      55232,  7, 1.03108653377188749E-006
      55296,  7, 9.58987585085727583E-007
      55360,  7, 9.08168237496153912E-007
      55424,  7, 9.00989097017037092E-007
      55488,  7, 8.94908237651927188E-007
      55552,  7, 8.92031830526113070E-007
      55616,  7, 8.88420963168920455E-007
      55680,  7, 8.69535359061220407E-007
      55744,  7, 8.69350561655362530E-007
      55808,  7, 8.69158757603357212E-007
      55872,  7, 8.67991528394677506E-007
      55936,  7, 8.67986689333945054E-007
      56000,  7, 8.67965070727141912E-007
      56064,  7, 8.67959921402713744E-007
      56128,  7, 8.67867293956627605E-007
      56192,  7, 8.67861678021869321E-007
      56256,  7, 8.67857187689153633E-007
      56320,  7, 8.67844721852343838E-007
      56384,  7, 8.67598000793970897E-007
      56448,  7, 8.67345150456402558E-007
      56512,  7, 8.66944948512982114E-007
      56576,  7, 8.64755375127942395E-007
      56640,  7, 8.64755360084622111E-007
      56704,  7, 8.64755360075054768E-007
      56768,  7, 8.64755360075054768E-007
      56832,  7, 8.64755360075054768E-007
      56896,  7, 8.64755360075054768E-007
      56897,  8, 8.64671036490389538E-007
      56960,  8, 8.63325983053194809E-007
      57024,  8, 8.42167929304582653E-007
      57088,  8, 8.41296352391073733E-007
      57152,  8, 5.17453120762167241E-007
      57216,  8, 3.71855560789551051E-007
      57280,  8, 3.71162310333762121E-007
      57344,  8, 3.66306880829349084E-007
      57408,  8, 3.66110130727992878E-007
      57472,  8, 3.48608949023035903E-007
      57536,  8, 3.18156040236008121E-007
      57600,  8, 3.18134437627130547E-007
      57664,  8, 3.18126446550548628E-007
      57728,  8, 3.18087084045018711E-007
      57792,  8, 3.17834811668095189E-007
      57856,  8, 3.17444625038367162E-007
      57920,  8, 3.15945341981542051E-007
      57984,  8, 2.85675394348345551E-007
      58048,  8, 1.89881157257414171E-008
      58112,  8, 9.17392930614789475E-009
      58176,  8, 7.77555596060696463E-010
      58240,  8, 7.46876962885618442E-010
      58304,  8, 6.96446027739142407E-010
      58368,  8, 1.09510814829966566E-010
      58432,  8, 4.95213553667575639E-011
      58496,  8, 4.90331542985303450E-011
      58560,  8, 4.38529025871921722E-011
      58624,  8, 8.90825158429018606E-012
      58688,  8, 3.25938397611176272E-012
      58752,  8, 3.25937691045952479E-012
      58816,  8, 3.25937691045952479E-012
      58880,  8, 3.25937691045952479E-012
      58944,  8, 3.25937691045952479E-012
      59008,  8, 3.25937691045952479E-012
      59072,  8, 3.25937691045952479E-012
      59136,  8, 3.25937691045952479E-012
      59200,  8, 3.25937691045952479E-012
      59264,  8, 3.25937691045952479E-012
      59328,  8, 3.25937691045952479E-012
      59392,  8, 3.25937691045952479E-012
      59456,  8, 3.25937691045952479E-012
      59520,  8, 3.25937691045952479E-012
      59584,  8, 3.25937691045952479E-012
      59648,  8, 3.25937691045952479E-012
      59712,  8, 3.25937691045952479E-012
      59776,  8, 3.25937691045952479E-012
      59840,  8, 3.25937691045952479E-012
      59904,  8, 3.25937691045952479E-012
      59968,  8, 3.25937691045952479E-012
      60032,  8, 3.25937691045952479E-012
      60096,  8, 3.25937691045952479E-012
      60160,  8, 3.25937691045952479E-012
      60224,  8, 3.25937691045952479E-012
      60288,  8, 3.25937691045952479E-012
      60352,  8, 3.25937691045952479E-012
      60416,  8, 3.25937691045952479E-012
      60480,  8, 3.25937691045952479E-012
      60544,  8, 3.25937691045952479E-012
      60608,  8, 3.25937691045952479E-012
      60672,  8, 3.25937691045952479E-012
      60736,  8, 3.25937691045952479E-012
      60800,  8, 3.25937691045952479E-012
      60864,  8, 3.25937691045952479E-012
      60928,  8, 3.25937691045952479E-012
      60992,  8, 3.25937691045952479E-012
      61056,  8, 3.25937691045952479E-012
      61120,  8, 3.25937683867426930E-012
      61184,  8, 3.25937683867426930E-012
      61248,  8, 3.25937683867426930E-012
      61312,  8, 3.25937683867426930E-012
      61376,  8, 3.25937683867426930E-012
      61440,  8, 3.25937683867426930E-012
      61504,  8, 3.25937683867426930E-012
      61568,  8, 3.25937683867426930E-012
      61632,  8, 3.25937683867426930E-012
      61696,  8, 3.25937683867426930E-012
      61760,  8, 3.25937683867426930E-012
      61824,  8, 3.25937683867426930E-012
      61888,  8, 3.25937683867426930E-012
      61952,  8, 3.25937683867426930E-012
      62016,  8, 3.25937683867426930E-012
      62080,  8, 3.25937683867426930E-012
      62144,  8, 3.25937683867426930E-012
      62208,  8, 3.25937683867426930E-012
      62272,  8, 3.25937683867426930E-012
      62336,  8, 3.25937683867426930E-012
      62400,  8, 3.25937683867426930E-012
      62464,  8, 3.25937683867426930E-012
      62528,  8, 3.25937683867426930E-012
      62592,  8, 3.25937683867426930E-012
      62656,  8, 3.25937683867426930E-012
      62720,  8, 3.25937683867426930E-012
      62784,  8, 3.25937683867426930E-012
      62848,  8, 3.25937683867426930E-012
      62912,  8, 3.25937683867426930E-012
      62976,  8, 3.25937683867426930E-012
      63040,  8, 3.25841711778831602E-012
      63104,  8, 3.25816312308596435E-012
      63168,  8, 3.25544967292908795E-012
      63232,  8, 3.25494193936383035E-012
      63296,  8, 3.24026637969240963E-012
      63360,  8, 3.18035085077065522E-012
      63424,  8, 3.11771267457712530E-012
      63488,  8, 3.11290001500373940E-012
      63552,  8, 3.11225227581741590E-012
      63616,  8, 3.11032438605808902E-012
      63680,  8, 3.10923981533189774E-012
      63744,  8, 3.10514549965054505E-012
      63808,  8, 3.10512148164801145E-012
      63872,  8, 3.10511299811407950E-012
      63936,  8, 3.10511253437151824E-012
      64000,  8, 3.10510451651601958E-012
      64064,  8, 3.10510440719102830E-012
      64128,  8, 3.10510440719102830E-012
      64192,  8, 3.10510440719102830E-012
      64256,  8, 3.10510440719102830E-012
      64320,  8, 3.10510440719102830E-012
      64384,  8, 3.10510440719102830E-012
      64448,  8, 3.10510425728776028E-012
      64512,  8, 3.10510222814834457E-012
      64576,  8, 3.10507902012870326E-012
      64640,  8, 3.10499842871873312E-012
      64704,  8, 3.10499737779650044E-012
      64768,  8, 3.10499737779650044E-012
      64832,  8, 3.10499737779650044E-012
      64896,  8, 3.10499737779650044E-012
      64960,  8, 3.10499737779650044E-012
      65024,  8, 3.10499737779650044E-012
      65025,  9, 3.10475980714360212E-012
      65088,  9, 3.09521066922383825E-012
      65152,  9, 2.96065312698420767E-012
      65216,  9, 2.96040404897822727E-012
      65280,  9, 7.10031728132104789E-013
      65344,  9, 7.09834831346596639E-013
      65408,  9, 7.09244464957355253E-013
      65472,  9, 7.03563559534690406E-013
      65536,  9, 7.03086979994567891E-013
      65600,  9, 6.41249075244558483E-013
      65664,  9, 6.41249075244558483E-013
      65728,  9, 6.41245734887890431E-013
      65792,  9, 6.41236371898766829E-013
      65856,  9, 6.41206357809677084E-013
      65920,  9, 6.40878843716830310E-013
      65984,  9, 6.39987643807684271E-013
      66048,  9, 6.34400361596714036E-013
      66112,  9, 1.03057659681830429E-014
      66176,  9, 1.03057659681830429E-014
      66240,  9, 1.02737464678062748E-014
      66304,  9, 1.02737464678062748E-014
      66368,  9, 1.02737464678062748E-014
      66432,  9, 1.02737464678062748E-014
      66496,  9, 1.02737464678062748E-014
      66560,  9, 1.02737464678062748E-014
      66624,  9, 1.02737464678062748E-014
      66688,  9, 1.02737464678062748E-014
      66752,  9, 1.02737464678062748E-014
      66816,  9, 1.02737464678062748E-014
      66880,  9, 1.02737464678062748E-014
      66944,  9, 1.02737464678062748E-014
      67008,  9, 1.02737464678062748E-014
      67072,  9, 1.02737464678062748E-014
      67136,  9, 1.02737464678062748E-014
      67200,  9, 1.02737464678062748E-014
      67264,  9, 1.02737464678062748E-014
      67328,  9, 1.02737464678062748E-014
      67392,  9, 1.02737464678062748E-014
      67456,  9, 1.02737464678062748E-014
      67520,  9, 1.02737464678062748E-014
      67584,  9, 1.02737464678062748E-014
      67648,  9, 1.02737464678062748E-014
      67712,  9, 1.02737464678062748E-014
      67776,  9, 1.02737464678062748E-014
      67840,  9, 1.02737464678062748E-014
      67904,  9, 1.02737464678062748E-014
      67968,  9, 1.02737464678062748E-014
      68032,  9, 1.02737464678062748E-014
      68096,  9, 1.02737464678062748E-014
      68160,  9, 1.02737464678062748E-014
      68224,  9, 1.02737464678062748E-014
      68288,  9, 1.02737464678062748E-014
      68352,  9, 1.02737464678062748E-014
      68416,  9, 1.02737464678062748E-014
      68480,  9, 1.02737464678062748E-014
      68544,  9, 1.02737464678062748E-014
      68608,  9, 1.02737464678062748E-014
      68672,  9, 1.02737464678062748E-014
      68736,  9, 1.02737464678062748E-014
      68800,  9, 1.02737464678062748E-014
      68864,  9, 1.02737464678062748E-014
      68928,  9, 1.02737464678062748E-014
      68992,  9, 1.02737464678062748E-014
      69056,  9, 1.02737464678062748E-014
      69120,  9, 1.02737464678062748E-014
      69184,  9, 1.02737464678062748E-014
      69248,  9, 1.02737464678062748E-014
      69312,  9, 1.02737464678062748E-014
      69376,  9, 1.02737464678062748E-014
      69440,  9, 1.02737464678062748E-014
      69504,  9, 1.02737464678062748E-014
      69568,  9, 1.02737464678062748E-014
      69632,  9, 1.02737464678062748E-014
      69696,  9, 1.02737464678062748E-014
      69760,  9, 1.02737464678062748E-014
      69824,  9, 1.02737464678062748E-014
      69888,  9, 1.02737464678062748E-014
      69952,  9, 1.02737464678062748E-014
      70016,  9, 1.02737464678062748E-014
      70080,  9, 1.02737464678062748E-014
      70144,  9, 1.02737464678062748E-014
      70208,  9, 1.02737464678062748E-014
      70272,  9, 1.02737464678062748E-014
      70336,  9, 1.02737464678062748E-014
      70400,  9, 1.02737464678062748E-014
      70464,  9, 1.02737464678062748E-014
      70528,  9, 1.02737464678062748E-014
      70592,  9, 1.02737464678062748E-014
      70656,  9, 1.02737464678062748E-014
      70720,  9, 1.02737464678062748E-014
      70784,  9, 1.02737464678062748E-014
      70848,  9, 1.02737464678062748E-014
      70912,  9, 1.02737464678062748E-014
      70976,  9, 1.02737464678062748E-014
      71040,  9, 1.02737464678062748E-014
      71104,  9, 1.02737464678062748E-014
      71168,  9, 1.02737464678062748E-014
      71232,  9, 1.02737464678062748E-014
      71296,  9, 1.02737464678062748E-014
      71360,  9, 1.02737464678062748E-014
      71424,  9, 1.02737464678062748E-014
      71488,  9, 1.02737464678062748E-014
      71552,  9, 1.02737464678062748E-014
      71616,  9, 1.02737464678062748E-014
      71680,  9, 1.02737464678062748E-014
      71744,  9, 1.02737464678062748E-014
      71808,  9, 1.02737464678062748E-014
      71872,  9, 1.02737464678062748E-014
      71936,  9, 1.02737464678062748E-014
      72000,  9, 1.02737464678062748E-014
      72064,  9, 1.02737464678062748E-014
      72128,  9, 1.02737464678062748E-014
      72192,  9, 1.02737464678062748E-014
      72256,  9, 1.02737464678062748E-014
      72320,  9, 1.02737464678062748E-014
      72384,  9, 1.02737464678062748E-014
      72448,  9, 1.02737464678062748E-014
      72512,  9, 1.02737464678062748E-014
      72576,  9, 1.02737464678062748E-014
      72640,  9, 1.02737464678062748E-014
      72704,  9, 1.02737464678062748E-014
      72768,  9, 1.02737464678062748E-014
      72832,  9, 1.02737464678062748E-014
      72896,  9, 1.02737464678062748E-014
      72960,  9, 1.02737464678062748E-014
      73024,  9, 1.02737464678062748E-014
      73088,  9, 1.02737464678062748E-014
      73152,  9, 1.02737464678062748E-014
      73153, 10, 1.02737464678062748E-014
      73216, 10, 1.02737464678062748E-014
      73280, 10, 1.02737464678062748E-014
      73344, 10, 1.02737464678062748E-014
      73408, 10, 1.02737464678062748E-014
      73472, 10, 1.02737464678062748E-014
      73536, 10, 1.02737464678062748E-014
      73600, 10, 1.02737464678062748E-014
      73664, 10, 1.02737464678062748E-014
      73728, 10, 1.02737464678062748E-014
      73792, 10, 1.02737464678062748E-014
      73856, 10, 1.02737464678062748E-014
      73920, 10, 1.02737464678062748E-014
      73984, 10, 1.02737464678062748E-014
      74048, 10, 1.02737464678062748E-014
      74112, 10, 1.02737464678062748E-014
      74176, 10, 1.02737464678062748E-014
      74240, 10, 1.02737464678062748E-014
      74304, 10, 1.02737464678062748E-014
      74368, 10, 1.02737464678062748E-014
      74432, 10, 1.02737464678062748E-014
      74496, 10, 1.02737464678062748E-014
      74560, 10, 1.02737464678062748E-014
      74624, 10, 1.02737464678062748E-014
      74688, 10, 1.02737464678062748E-014
      74752, 10, 1.02737464678062748E-014
      74816, 10, 1.02737464678062748E-014
      74880, 10, 1.02737464678062748E-014
      74944, 10, 1.02737464678062748E-014
      75008, 10, 1.02737464678062748E-014
      75072, 10, 1.02737464678062748E-014
      75136, 10, 1.02737464678062748E-014
      75200, 10, 1.02737464678062748E-014
      75264, 10, 1.02737464678062748E-014
      75328, 10, 1.02737464678062748E-014
      75392, 10, 1.02737464678062748E-014
      75456, 10, 1.02737464678062748E-014
      75520, 10, 1.02737464678062748E-014
      75584, 10, 1.02737464678062748E-014
      75648, 10, 1.02737464678062748E-014
      75712, 10, 1.02737464678062748E-014
      75776, 10, 1.02737464678062748E-014
      75840, 10, 1.02737464678062748E-014
      75904, 10, 1.02737464678062748E-014
      75968, 10, 1.02737464678062748E-014
      76032, 10, 1.02737464678062748E-014
      76096, 10, 1.02737464678062748E-014
      76160, 10, 1.02737464678062748E-014
      76224, 10, 1.02737464678062748E-014
      76288, 10, 1.02737464678062748E-014
      76352, 10, 1.02737464678062748E-014
      76416, 10, 1.02737464678062748E-014
      76480, 10, 1.02737464678062748E-014
      76544, 10, 1.02737464678062748E-014
      76608, 10, 1.02737464678062748E-014
      76672, 10, 1.02737464678062748E-014
      76736, 10, 1.02737464678062748E-014
      76800, 10, 1.02737464678062748E-014
      76864, 10, 1.02737464678062748E-014
      76928, 10, 1.02737464678062748E-014
      76992, 10, 1.02737464678062748E-014
      77056, 10, 1.02737464678062748E-014
      77120, 10, 1.02737464678062748E-014
      77184, 10, 1.02737464678062748E-014
      77248, 10, 1.02737464678062748E-014
      77312, 10, 1.02737464678062748E-014
      77376, 10, 1.02737464678062748E-014
      77440, 10, 1.02737464678062748E-014
      77504, 10, 1.02737464678062748E-014
      77568, 10, 1.02737464678062748E-014
      77632, 10, 1.02737464678062748E-014
      77696, 10, 1.02737464678062748E-014
      77760, 10, 1.02737464678062748E-014
      77824, 10, 1.02737464678062748E-014
      77888, 10, 1.02737464678062748E-014
      77952, 10, 1.02737464678062748E-014
      78016, 10, 1.02737464678062748E-014
      78080, 10, 1.02737464678062748E-014
      78144, 10, 1.02737464678062748E-014
      78208, 10, 1.02737464678062748E-014
      78272, 10, 1.02737464678062748E-014
      78336, 10, 1.02737464678062748E-014
      78400, 10, 1.02737464678062748E-014
      78464, 10, 1.02737464678062748E-014
      78528, 10, 1.02737464678062748E-014
      78592, 10, 1.02737464678062748E-014
      78656, 10, 1.02737464678062748E-014
      78720, 10, 1.02737464678062748E-014
      78784, 10, 1.02737464678062748E-014
      78848, 10, 1.02737464678062748E-014
      78912, 10, 1.02737464678062748E-014
      78976, 10, 1.02737464678062748E-014
      79040, 10, 1.02737464678062748E-014
      79104, 10, 1.02737464678062748E-014
      79168, 10, 1.02737464678062748E-014
      79232, 10, 1.02737464678062748E-014
      79296, 10, 1.02737464678062748E-014
      79360, 10, 1.02737464678062748E-014
      79424, 10, 1.02737464678062748E-014
      79488, 10, 1.02737464678062748E-014
      79552, 10, 1.02737464678062748E-014
      79616, 10, 1.02737464678062748E-014
      79680, 10, 1.02737464678062748E-014
      79744, 10, 1.02737464678062748E-014
      79808, 10, 1.02737464678062748E-014
      79872, 10, 1.02737464678062748E-014
      79936, 10, 1.02737464678062748E-014
      80000, 10, 1.02737464678062748E-014
      80064, 10, 1.02737464678062748E-014
      80128, 10, 1.02737464678062748E-014
      80192, 10, 1.02737464678062748E-014
      80256, 10, 1.02737464678062748E-014
      80320, 10, 1.02737464678062748E-014
      80384, 10, 1.02737464678062748E-014
      80448, 10, 1.02737464678062748E-014
      80512, 10, 1.02737464678062748E-014
      80576, 10, 1.02737464678062748E-014
      80640, 10, 1.02737464678062748E-014
      80704, 10, 1.02737464678062748E-014
      80768, 10, 1.02737464678062748E-014
      80832, 10, 1.02737464678062748E-014
      80896, 10, 1.02737464678062748E-014
      80960, 10, 1.02737464678062748E-014
      81024, 10, 1.02737464678062748E-014
      81088, 10, 1.02737464678062748E-014
      81152, 10, 1.02737464678062748E-014
      81216, 10, 1.02737464678062748E-014
      81280, 10, 1.02737464678062748E-014
      81281, -1, 0.00000000000000000E+000
