"TH(θ)", "ρ(DET)/ε"
 7.996993065E-01, 1.641922951E+00
 7.996996045E-01, 2.331380606E+00
 7.996998429E-01, 3.016403198E+00
 7.997000217E-01, 3.675060272E-01
 7.997002006E-01, 1.711939573E+00
 7.997004390E-01, 3.974630833E-01
 7.997006178E-01, 2.251470327E+00
 7.997009158E-01, 8.970949650E-01
 7.997010946E-01, 1.781745911E+00
 7.997013330E-01, 4.672126770E-01
 7.997015119E-01, 3.146037340E+00
 7.997018099E-01, 8.274621964E-01
 7.997020483E-01, 2.142042160E+00
 7.997022271E-01, 5.367519855E-01
 7.997024059E-01, 1.881104469E+00
 7.997026443E-01, 1.900924683E+00
 7.997029424E-01, 2.072676420E+00
 7.997031212E-01, 6.060810089E-01
 7.997033596E-01, 7.085809708E-01
 7.997035384E-01, 6.357290745E-01
 7.997038364E-01, 3.337950706E+00
 7.997040153E-01, 6.592295170E-01
 7.997042537E-01, 6.395189762E-01
 7.997044325E-01, 7.047576904E-01
 7.997046113E-01, 3.383456469E+00
 7.997049093E-01, 5.903177261E-01
 7.997051477E-01, 1.905092239E+00
 7.997053266E-01, 7.735760212E-01
 7.997055650E-01, 5.412237644E-01
 7.997058034E-01, 5.216162205E-01
 7.997060418E-01, 1.836447477E+00
 7.997062206E-01, 4.922370911E-01
 7.997064590E-01, 4.726724625E-01
 7.997066379E-01, 2.205942869E+00
 7.997069359E-01, 1.768013000E+00
 7.997071147E-01, 4.238359928E-01
 7.997073531E-01, 4.043314457E-01
 7.997075319E-01, 9.398307800E-01
 7.997078300E-01, 3.628139496E+00
 7.997080088E-01, 3.556451797E-01
 7.997082472E-01, 1.670614243E+00
 7.997084260E-01, 1.007928133E+00
 7.997086644E-01, 3.070662022E-01
 7.997089028E-01, 2.876646519E-01
 7.997091413E-01, 1.602690458E+00
 7.997093201E-01, 1.075815201E+00
 7.997095585E-01, 2.392358780E-01
 7.997098565E-01, 1.114513397E+00
 7.997100353E-01, 1.534976959E+00
 7.997102141E-01, 1.143491983E+00
 7.997104526E-01, 1.716158390E-01
 7.997106314E-01, 1.172431946E+00
 7.997109294E-01, 3.860511780E+00
 7.997111082E-01, 1.234445572E-01
 7.997113466E-01, 1.438608170E+00
 7.997115254E-01, 1.239808321E+00
 7.997118235E-01, 2.734580994E+00
 7.997120619E-01, 2.612614393E+00
 7.997122407E-01, 1.371405363E+00
 7.997124195E-01, 1.306974411E+00
 7.997126579E-01, 8.271217346E-03
 7.997129560E-01, 1.345260620E+00
 7.997131348E-01, 1.304412842E+00
 7.997133732E-01, 2.619705200E+00
 7.997135520E-01, 5.862784386E-02
 7.997138500E-01, 1.412096262E+00
 7.997140288E-01, 2.572022676E+00
 7.997142673E-01, 2.552979708E+00
 7.997144461E-01, 1.253166199E-01
 7.997146249E-01, 1.469216585E+00
 7.997148633E-01, 1.538331509E-01
 7.997151613E-01, 2.841599226E+00
 7.997153401E-01, 1.142592192E+00
 7.997155786E-01, 2.458022356E+00
 7.997157574E-01, 2.202215195E-01
 7.997160554E-01, 1.573535919E+00
 7.997162342E-01, 1.076320648E+00
 7.997164726E-01, 2.391807556E+00
 7.997166514E-01, 2.863996029E-01
 7.997168899E-01, 1.029112577E+00
 7.997171283E-01, 1.010259390E+00
 7.997173667E-01, 2.325803041E+00
 7.997175455E-01, 3.523674011E-01
 7.997177839E-01, 9.632015228E-01
 7.997180223E-01, 9.444084167E-01
 7.997182608E-01, 3.068112135E+00
 7.997184396E-01, 9.162509441E-01
 7.997186780E-01, 8.975007534E-01
 7.997188568E-01, 4.462423325E-01
 7.997191548E-01, 3.528797865E+00
 7.997193336E-01, 8.507003784E-01
 7.997195721E-01, 8.320102692E-01
 7.997197509E-01, 5.116994381E-01
 7.997200489E-01, 1.864732981E+00
 7.997202277E-01, 7.853600979E-01
 7.997204661E-01, 2.101098299E+00
 7.997206450E-01, 7.574214935E-01
 7.997208834E-01, 7.388172150E-01
 7.997211218E-01, 2.054595947E+00
 7.997213602E-01, 2.036025047E+00
 7.997215390E-01, 6.923816204E-01
 7.997217774E-01, 6.738374233E-01
 7.997220755E-01, 6.790521145E-01
 7.997222543E-01, 3.357032776E+00
 7.997224331E-01, 6.275520325E-01
 7.997226715E-01, 1.943428040E+00
 7.997228503E-01, 7.345273495E-01
 7.997231483E-01, 3.240867615E+00
 7.997233868E-01, 7.714250088E-01
 7.997235656E-01, 1.878865480E+00
 7.997237444E-01, 7.990531921E-01
 7.997240424E-01, 2.151805878E+00
 7.997242808E-01, 8.358306885E-01
 7.997244596E-01, 1.814513206E+00
 7.997246981E-01, 3.130517960E+00
 7.997248769E-01, 4.526460171E-01
 7.997251749E-01, 9.000260830E-01
 7.997253537E-01, 1.750371218E+00
 7.997255921E-01, 2.261823654E+00
 7.997257710E-01, 1.722946167E+00
 7.997260690E-01, 9.640111923E-01
 7.997262478E-01, 3.020786285E+00
 7.997264862E-01, 2.325715303E+00
 7.997266650E-01, 1.659104586E+00
 7.997269034E-01, 1.640902758E+00
 7.997271419E-01, 2.371223450E+00
 7.997273803E-01, 2.389396667E+00
 7.997275591E-01, 1.595473289E+00
 7.997277975E-01, 2.911672592E+00
 7.997280359E-01, 2.434754610E+00
 7.997282743E-01, 1.118528128E+00
 7.997284532E-01, 2.866390944E+00
 7.997286916E-01, 2.848308325E+00
 7.997288704E-01, 1.705989838E-01
 7.997291088E-01, 1.486880302E+00
 7.997293472E-01, 2.803176880E+00
 7.997295856E-01, 2.543175936E+00
 7.997297645E-01, 1.074817181E-01
 7.997300029E-01, 1.423819780E+00
 7.997302413E-01, 2.740173101E+00
 7.997304797E-01, 1.271804810E+00
 7.997306585E-01, 1.378905296E+00
 7.997308969E-01, 1.360969543E+00
 7.997310758E-01, 1.767897606E-02
 7.997313738E-01, 1.334558249E+00
 7.997315526E-01, 1.316205263E+00
 7.997317910E-01, 2.632655859E+00
 7.997319698E-01, 4.492759705E-02
 7.997322679E-01, 1.397101402E+00
 7.997324467E-01, 1.253715515E+00
 7.997326851E-01, 2.758164644E+00
 7.997328639E-01, 1.226998568E+00
 7.997331023E-01, 1.209208727E+00
 7.997334003E-01, 1.428844929E-01
 7.997335792E-01, 2.820404053E+00
 7.997337580E-01, 1.164809227E+00
 7.997339964E-01, 1.147079468E+00
 7.997342944E-01, 2.049503326E-01
 7.997344732E-01, 1.548116446E+00
 7.997347116E-01, 1.565801382E+00
 7.997348905E-01, 2.419475317E+00
 7.997350693E-01, 2.579822540E-01
 7.997353673E-01, 1.609938622E+00
 7.997356057E-01, 2.932510376E-01
 7.997357845E-01, 2.357763290E+00
 7.997359633E-01, 1.014653444E+00
 7.997362614E-01, 1.671550512E+00
 7.997364998E-01, 3.548061848E-01
 7.997366786E-01, 3.032199860E+00
 7.997369170E-01, 1.715430260E+00
 7.997370958E-01, 9.356613159E-01
 7.997373939E-01, 4.161510468E-01
 7.997375727E-01, 3.093508005E+00
 7.997378111E-01, 1.776681662E+00
 7.997379899E-01, 2.208766699E+00
 7.997382879E-01, 4.772856236E-01
 7.997384667E-01, 1.820303917E+00
 7.997387052E-01, 1.837722778E+00
 7.997388840E-01, 2.147775650E+00
 7.997391224E-01, 3.198118448E+00
 7.997393608E-01, 1.881194830E+00
 7.997395992E-01, 1.898553610E+00
 7.997397780E-01, 2.086994886E+00
 7.997400165E-01, 1.924559593E+00
 7.997402549E-01, 1.941875458E+00
 7.997404933E-01, 6.248798370E-01
 7.997406721E-01, 3.360717773E+00
 7.997409105E-01, 1.985090017E+00
 7.997410893E-01, 6.662380695E-01
 7.997413874E-01, 6.852934361E-01
 7.997415662E-01, 3.300354242E+00
 7.997418046E-01, 2.045410156E+00
 7.997419834E-01, 1.940259933E+00
 7.997422814E-01, 7.454967499E-01
 7.997424603E-01, 2.088367224E+00
 7.997426987E-01, 7.712337971E-01
 7.997428775E-01, 1.880200148E+00
 7.997431159E-01, 3.197363138E+00
 7.997434139E-01, 1.845974684E+00
 7.997435927E-01, 8.311367035E-01
 7.997437716E-01, 1.820350647E+00
 7.997440100E-01, 2.191026449E+00
 7.997441888E-01, 4.604847431E-01
 7.997444868E-01, 8.908293247E-01
 7.997447252E-01, 4.264328480E-01
 7.997449040E-01, 2.250625610E+00
 7.997450829E-01, 1.735216141E+00
 7.997453213E-01, 1.718240738E+00
 7.997456193E-01, 3.670072556E-01
 7.997457981E-01, 9.757397175E-01
 7.997459769E-01, 1.675877333E+00
 7.997462153E-01, 3.669675827E+00
 7.997465134E-01, 3.077919483E-01
 7.997466922E-01, 1.034921646E+00
 7.997469306E-01, 1.051792145E+00
 7.997471094E-01, 2.934163094E+00
 7.997472882E-01, 2.572033405E-01
 7.997475863E-01, 1.093893290E+00
 7.997478247E-01, 2.235634327E-01
 7.997480035E-01, 2.453369141E+00
 7.997482419E-01, 1.135887146E+00
 7.997484803E-01, 1.152654648E+00
 7.997487187E-01, 1.648588181E-01
 7.997488976E-01, 2.512037039E+00
 7.997491360E-01, 1.194498301E+00
 7.997493148E-01, 1.457317114E+00
 7.997496128E-01, 1.063644886E-01
 7.997497916E-01, 2.570494652E+00
 7.997500300E-01, 8.135986328E-02
 7.997502089E-01, 2.733227730E+00
 7.997505069E-01, 1.382337570E+00
 7.997506857E-01, 1.294485331E+00
 7.997509241E-01, 2.316594124E-02
 7.997511029E-01, 2.653640747E+00
 7.997513413E-01, 1.335964203E+00
 7.997515798E-01, 1.352525711E+00
 7.997518182E-01, 3.481769562E-02
 7.997519970E-01, 2.711587667E+00
 7.997522354E-01, 1.393854380E+00
 7.997525334E-01, 2.584148407E+00
 7.997527122E-01, 9.259104729E-02
 7.997528911E-01, 1.435075760E+00
 7.997531295E-01, 1.451534271E+00
 7.997533083E-01, 2.534764290E+00
 7.997536063E-01, 1.184091568E+00
 7.997537851E-01, 1.492605448E+00
 7.997540236E-01, 1.509003878E+00
 7.997542024E-01, 2.477344751E+00
 7.997545004E-01, 1.126735449E+00
 7.997547388E-01, 1.110386610E+00
 7.997549176E-01, 2.320222855E-01
 7.997550964E-01, 2.908666372E+00
 7.997553349E-01, 1.590738535E+00
 7.997556329E-01, 2.387538910E+00
 7.997558117E-01, 2.890746593E-01
 7.997560501E-01, 3.053367138E-01
 7.997562289E-01, 1.647697449E+00
 7.997564077E-01, 1.004537582E+00
 7.997567058E-01, 3.459167480E-01
 7.997569442E-01, 9.721145630E-01
 7.997571230E-01, 1.704446077E+00
 7.997573018E-01, 2.282074213E+00
 7.997575998E-01, 4.025485516E-01
 7.997578382E-01, 9.155395031E-01
 7.997580171E-01, 4.267549515E-01
 7.997582555E-01, 4.428710938E-01
 7.997584343E-01, 1.785150766E+00
 7.997587323E-01, 2.193401337E+00
 7.997589111E-01, 4.830863476E-01
 7.997591496E-01, 4.991424084E-01
 7.997593284E-01, 1.841388702E+00
 7.997595668E-01, 5.231943130E-01
 7.997598052E-01, 5.392074585E-01
 7.997600436E-01, 7.790184021E-01
 7.997602224E-01, 1.897416353E+00
 7.997604609E-01, 5.791652203E-01
 7.997606993E-01, 5.951182842E-01
 7.997609377E-01, 7.231643200E-01
 7.997611165E-01, 6.190156937E-01
 7.997613549E-01, 6.349258423E-01
 7.997615337E-01, 3.311307669E+00
 7.997618318E-01, 6.675205231E-01
 7.997620106E-01, 6.746261120E-01
 7.997622490E-01, 6.437375546E-01
 7.997624278E-01, 2.032608032E+00
 7.997627258E-01, 6.120870113E-01
 7.997629046E-01, 7.300262451E-01
 7.997631431E-01, 5.883941650E-01
 7.997633219E-01, 2.087914705E+00
 7.997635603E-01, 2.103677988E+00
 7.997637987E-01, 5.489919186E-01
 7.997640371E-01, 5.332610607E-01
 7.997642159E-01, 2.143011093E+00
 7.997644544E-01, 8.245086670E-01
 7.997647524E-01, 3.154579878E+00
 7.997649312E-01, 4.783382416E-01
 7.997651100E-01, 8.636939526E-01
 7.997653484E-01, 8.793380260E-01
 7.997655272E-01, 3.107639074E+00
 7.997658253E-01, 1.757826090E+00
 7.997660637E-01, 1.742231607E+00
 7.997662425E-01, 9.339570999E-01
 7.997664213E-01, 2.275941133E+00
 7.997667193E-01, 1.703320503E+00
 7.997669578E-01, 1.687786102E+00
 7.997671366E-01, 3.458297253E-01
 7.997673750E-01, 1.664516687E+00
 7.997675538E-01, 1.011619568E+00
 7.997678518E-01, 2.967743635E+00
 7.997680306E-01, 2.916278839E-01
 7.997682691E-01, 1.610371590E+00
 7.997684479E-01, 1.065727949E+00
 7.997687459E-01, 2.415338755E+00
 7.997689247E-01, 2.376363277E-01
 7.997691631E-01, 1.556436777E+00
 7.997693419E-01, 1.119626045E+00
 7.997695804E-01, 1.991996765E-01
 7.997698188E-01, 1.518040657E+00
 7.997700572E-01, 1.502712250E+00
 7.997702360E-01, 1.608703136E-01
 7.997704744E-01, 1.455686092E-01
 7.997707129E-01, 1.464466333E+00
 7.997709513E-01, 2.783379316E+00
 7.997711301E-01, 1.073894501E-01
 7.997713685E-01, 9.214782715E-02
 7.997715473E-01, 1.249645948E+00
 7.997717857E-01, 6.931757927E-02
 7.997720242E-01, 5.411887169E-02
 7.997722626E-01, 1.373113871E+00
 7.997724414E-01, 1.302823067E+00
 7.997727394E-01, 2.652153015E+00
 7.997729182E-01, 1.058578491E-03
 7.997731566E-01, 1.320110321E+00
 7.997733355E-01, 2.161717415E-02
 7.997735739E-01, 3.671288490E-02
 7.997737527E-01, 2.712596893E+00
 7.997740507E-01, 1.267317057E+00
 7.997742295E-01, 7.437705994E-02
 7.997744679E-01, 8.941268921E-02
 7.997746468E-01, 1.431092024E+00
 7.997749448E-01, 4.114434958E+00
 7.997751236E-01, 1.269266605E-01
 7.997753620E-01, 1.192262888E+00
 7.997755408E-01, 1.483548164E+00
 7.997757792E-01, 1.643333435E-01
 7.997760773E-01, 1.513428688E+00
 7.997762561E-01, 1.139980316E+00
 7.997764349E-01, 1.535794020E+00
 7.997766733E-01, 2.165224552E-01
 7.997769713E-01, 1.565554380E+00
 7.997771502E-01, 1.087908030E+00
 7.997773886E-01, 2.407226324E+00
 7.997775674E-01, 1.065655708E+00
 7.997777462E-01, 1.610066175E+00
 7.997780442E-01, 2.370201111E+00
 7.997782826E-01, 2.973809481E+00
 7.997784615E-01, 1.013883829E+00
 7.997786403E-01, 1.661801338E+00
 7.997789383E-01, 2.318546057E+00
 7.997791767E-01, 3.025421143E+00
 7.997793555E-01, 9.623222351E-01
 7.997795939E-01, 2.281778336E+00
 7.997797728E-01, 3.938601017E-01
 7.997800708E-01, 1.742674589E+00
 7.997802496E-01, 9.109709263E-01
 7.997804880E-01, 2.230483770E+00
 7.997806668E-01, 4.451179504E-01
 7.997809649E-01, 1.793869019E+00
 7.997811437E-01, 2.193973541E+00
 7.997813821E-01, 2.179399490E+00
 7.997815609E-01, 4.961655140E-01
 7.997817993E-01, 8.234293461E-01
 7.997820377E-01, 2.143039465E+00
 7.997822762E-01, 3.200778961E+00
 7.997824550E-01, 7.871360779E-01
 7.997826934E-01, 7.726488113E-01
 7.997829318E-01, 2.092315674E+00
 7.997831702E-01, 3.411997795E+00
 7.997833490E-01, 7.365057468E-01
 7.997835875E-01, 2.056213140E+00
 7.997837663E-01, 6.192626953E-01
 7.997840643E-01, 1.967796326E+00
 7.997842431E-01, 6.860857010E-01
 7.997844815E-01, 2.005849838E+00
 7.997846603E-01, 6.695892811E-01
 7.997849584E-01, 2.018059492E+00
 7.997851968E-01, 6.982529163E-01
 7.997853756E-01, 1.955696821E+00
 7.997855544E-01, 6.144218445E-01
 7.997857928E-01, 6.001405716E-01
 7.997860909E-01, 7.482490540E-01
 7.997862697E-01, 3.239878654E+00
 7.997864485E-01, 5.645124912E-01
 7.997866869E-01, 5.502912998E-01
 7.997869849E-01, 7.980349064E-01
 7.997871637E-01, 3.190142870E+00
 7.997874022E-01, 2.153428078E+00
 7.997875810E-01, 1.834772110E+00
 7.997877598E-01, 8.405411243E-01
 7.997880578E-01, 2.188793898E+00
 7.997882962E-01, 8.687927723E-01
 7.997884750E-01, 1.785340071E+00
 7.997887135E-01, 3.558168411E+00
 7.997889519E-01, 2.238125801E+00
 7.997891903E-01, 9.180679321E-01
 7.997893691E-01, 1.736118317E+00
 7.997896075E-01, 2.273234129E+00
 7.997897863E-01, 3.809759617E-01
 7.997900844E-01, 9.671328068E-01
 7.997902632E-01, 3.642345428E+00
 7.997905016E-01, 2.322205544E+00
 7.997906804E-01, 1.666166306E+00
 7.997909784E-01, 1.015987396E+00
 7.997911572E-01, 2.972412109E+00
 7.997913957E-01, 2.370966673E+00
 7.997915745E-01, 1.617455244E+00
 7.997918129E-01, 3.725904465E+00
 7.997919917E-01, 2.625398636E-01
 7.997922897E-01, 2.419517517E+00
 7.997924685E-01, 1.568954468E+00
 7.997927070E-01, 2.889236450E+00
 7.997928858E-01, 2.141325474E-01
 7.997931838E-01, 1.133758783E+00
 7.997933626E-01, 2.854762316E+00
 7.997936010E-01, 2.488511086E+00
 7.997937799E-01, 1.659355164E-01
 7.997940183E-01, 1.486299515E+00
 7.997942567E-01, 2.806678772E+00
 7.997944951E-01, 2.536551237E+00
 7.997946739E-01, 1.179487705E-01
 7.997949123E-01, 2.772462130E+00
 7.997952104E-01, 9.062218666E-02
 7.997953892E-01, 1.250289917E+00
 7.997955680E-01, 1.404262543E+00
 7.997958064E-01, 2.724739075E+00
 7.997959852E-01, 4.976105690E-02
 7.997962832E-01, 1.297912836E+00
 7.997965217E-01, 1.311480761E+00
 7.997967005E-01, 2.677226305E+00
 7.997968793E-01, 2.285003662E-03
 7.997971773E-01, 1.345325470E+00
 7.997974157E-01, 2.474975586E-02
 7.997975945E-01, 2.699663877E+00
 7.997977734E-01, 1.289101362E+00
 7.997980118E-01, 1.275634527E+00
 7.997983098E-01, 7.189536095E-02
 7.997984886E-01, 3.916910887E+00
 7.997987270E-01, 1.426115036E+00
 7.997989058E-01, 1.228635788E+00
 7.997992039E-01, 1.188306808E-01
 7.997993827E-01, 1.459594965E+00
 7.997996211E-01, 1.472956896E+00
 7.997997999E-01, 2.515921831E+00
 7.998000383E-01, 3.836664915E+00
 7.998002768E-01, 1.506286621E+00
 7.998005152E-01, 1.855163574E-01
 7.998006940E-01, 2.469340324E+00
 7.998009324E-01, 1.539509058E+00
 7.998011708E-01, 1.552767992E+00
 7.998014092E-01, 2.319409847E-01
 7.998015881E-01, 2.906692505E+00
 7.998018265E-01, 1.585840225E+00
 7.998020053E-01, 1.069093704E+00
 7.998023033E-01, 2.781553268E-01
 7.998024821E-01, 2.952870131E+00
 7.998027205E-01, 1.631961107E+00
 7.998028994E-01, 2.357089281E+00
 7.998031974E-01, 3.241593838E-01
 7.998033762E-01, 1.664775848E+00
 7.998036146E-01, 3.438110352E-01
 7.998037934E-01, 2.311228752E+00
 7.998040318E-01, 3.031542540E+00
 7.998042703E-01, 1.710536242E+00
 7.998045087E-01, 3.895146847E-01
 7.998046875E-01, 2.265578508E+00
 7.998049259E-01, 1.743093491E+00
 7.998052239E-01, 9.055325985E-01
 7.998054028E-01, 4.350080490E-01
 7.998055816E-01, 3.109596968E+00
 7.998058200E-01, 1.788493395E+00
 7.998059988E-01, 2.200728655E+00
 7.998062968E-01, 4.802911282E-01
 7.998065352E-01, 8.408591747E-01
 7.998067141E-01, 1.833683014E+00
 7.998068929E-01, 2.155589104E+00
 7.998071909E-01, 8.086833954E-01
 7.998074293E-01, 7.958431244E-01
 7.998076081E-01, 1.878662348E+00
 7.998078465E-01, 5.574300289E-01
 7.998080254E-01, 3.431905508E+00
 7.998083234E-01, 7.510373592E-01
 7.998085022E-01, 5.893888474E-01
 7.998087406E-01, 6.021423340E-01
 7.998089194E-01, 1.942553759E+00
 7.998092175E-01, 2.040481567E+00
 7.998093963E-01, 6.339509487E-01
 7.998096347E-01, 6.466443539E-01
 7.998098135E-01, 1.987022400E+00
 7.998100519E-01, 6.656522751E-01
 7.998102903E-01, 6.783027649E-01
 7.998105288E-01, 6.430988312E-01
 7.998107076E-01, 2.031280756E+00
 7.998109460E-01, 7.098538876E-01
 7.998111844E-01, 7.224442959E-01
 7.998114228E-01, 5.990140438E-01
 7.998116016E-01, 7.412977219E-01
 7.998118401E-01, 7.538452148E-01
 7.998120189E-01, 3.428171873E+00
 7.998122573E-01, 2.106662989E+00
 7.998124957E-01, 7.851388454E-01
 7.998127341E-01, 7.976262569E-01
 7.998129129E-01, 2.137889862E+00
 7.998132110E-01, 1.845500231E+00
 7.998133898E-01, 8.287696838E-01
 7.998136282E-01, 4.928264618E-01
 7.998138070E-01, 4.482482910E+00
 7.998140454E-01, 8.598058224E-01
 7.998142242E-01, 1.795851946E+00
 7.998145223E-01, 4.494626522E-01
 7.998147011E-01, 8.907346725E-01
 7.998149395E-01, 9.030761719E-01
 7.998151183E-01, 3.577276945E+00
 7.998154163E-01, 4.063091278E-01
 7.998155951E-01, 9.338548183E-01
 7.998158336E-01, 9.461362362E-01
 7.998160124E-01, 3.043642759E+00
 7.998162508E-01, 2.298540115E+00
 7.998165488E-01, 1.685147524E+00
 7.998167276E-01, 3.450260162E-01
 7.998169065E-01, 2.329101801E+00
 7.998171449E-01, 2.341296434E+00
 7.998174429E-01, 1.642471313E+00
 7.998176217E-01, 3.023831844E-01
 7.998178601E-01, 2.902381420E-01
 7.998180389E-01, 1.049835205E+00
 7.998182178E-01, 2.940065384E+00
 7.998185158E-01, 2.599506378E-01
 7.998187542E-01, 1.581870079E+00
 7.998189330E-01, 1.092174292E+00
 7.998191714E-01, 2.297704220E-01
 7.998194098E-01, 1.551730394E+00
 7.998196483E-01, 1.539704561E+00
 7.998198271E-01, 1.134303093E+00
 7.998200655E-01, 1.876983643E-01
 7.998202443E-01, 1.152293921E+00
 7.998205423E-01, 1.497749329E+00
 7.998207211E-01, 1.176221609E+00
 7.998209596E-01, 1.479832888E+00
 7.998211384E-01, 1.194122314E+00
 7.998214364E-01, 2.789998770E+00
 7.998216152E-01, 1.160640717E-01
 7.998218536E-01, 1.438178062E+00
 7.998220325E-01, 1.235740423E+00
 7.998222709E-01, 8.639883995E-02
 7.998225093E-01, 7.456278801E-02
 7.998227477E-01, 1.396733522E+00
 7.998229265E-01, 1.277148247E+00
 7.998231649E-01, 4.504776001E-02
 7.998234034E-01, 3.327178955E-02
 7.998236418E-01, 1.355499268E+00
 7.998238206E-01, 1.564002037E-02
 7.998240590E-01, 3.906965256E-03
 7.998242378E-01, 1.335937500E+00
 7.998245358E-01, 2.648458242E+00
 7.998247147E-01, 2.535057068E-02
 7.998249531E-01, 3.702354431E-02
 7.998251319E-01, 1.376834631E+00
 7.998254299E-01, 2.607641220E+00
 7.998256683E-01, 2.734089136E+00
 7.998258471E-01, 1.256234407E+00
 7.998260260E-01, 1.417521477E+00
 7.998262644E-01, 9.513092041E-02
 7.998265624E-01, 3.889446497E+00
 7.998267412E-01, 1.215721130E+00
 7.998269796E-01, 1.204184532E+00
 7.998271585E-01, 1.355507374E-01
 7.998274565E-01, 1.481033087E+00
 7.998276353E-01, 1.175418139E+00
 7.998278737E-01, 2.497912169E+00
 7.998280525E-01, 1.757602692E-01
 7.998282313E-01, 1.515456915E+00
 7.998285294E-01, 1.135325432E+00
 7.998287678E-01, 2.457876205E+00
 7.998289466E-01, 1.118207216E+00
 7.998291850E-01, 1.106816530E+00
 7.998294234E-01, 2.429407835E+00
 7.998296618E-01, 3.752014399E+00
 7.998298407E-01, 1.078414917E+00
 7.998300791E-01, 1.067084312E+00
 7.998302579E-01, 2.725365162E-01
 7.998305559E-01, 1.617801428E+00
 7.998307347E-01, 1.038832903E+00
 7.998309731E-01, 2.361521482E+00
 7.998311520E-01, 3.120250702E-01
 7.998314500E-01, 1.657226562E+00
 7.998316288E-01, 9.994611740E-01
 7.998318672E-01, 2.322206497E+00
 7.998320460E-01, 9.826519489E-01
 7.998322845E-01, 9.714672565E-01
 7.998325229E-01, 2.294253111E+00
 7.998327613E-01, 2.283101797E+00
 7.998329401E-01, 9.435806274E-01
 7.998331785E-01, 9.324560165E-01
 7.998334765E-01, 4.126014709E-01
 7.998336554E-01, 3.086047411E+00
 7.998338342E-01, 9.047195911E-01
 7.998340726E-01, 2.227602720E+00
 7.998342514E-01, 4.458179474E-01
 7.998345494E-01, 1.790802002E+00
 7.998347282E-01, 8.660688400E-01
 7.998349667E-01, 2.189008713E+00
 7.998351455E-01, 4.843752384E-01
 7.998354435E-01, 1.829295874E+00
 7.998356819E-01, 1.840255499E+00
 7.998358607E-01, 2.150624990E+00
 7.998360395E-01, 5.227222443E-01
 7.998362780E-01, 8.002996445E-01
 7.998364568E-01, 5.390923023E-01
 7.998367548E-01, 3.217860460E+00
 7.998369932E-01, 1.894796133E+00
 7.998371720E-01, 7.622196674E-01
 7.998374701E-01, 5.825569630E-01
 7.998376489E-01, 3.408422709E+00
 7.998378873E-01, 1.932719231E+00
 7.998380661E-01, 7.243499756E-01
 7.998383045E-01, 2.047500610E+00
 7.998384833E-01, 7.081844807E-01
 7.998387814E-01, 1.970432043E+00
 7.998389602E-01, 2.020620108E+00
 7.998391986E-01, 3.343826532E+00
 7.998393774E-01, 6.706151962E-01
 7.998396754E-01, 6.740074158E-01
 7.998398542E-01, 1.983167648E+00
 7.998400927E-01, 3.306430817E+00
 7.998402715E-01, 6.332561970E-01
 7.998405099E-01, 1.956544638E+00
 7.998407483E-01, 3.384460449E+00
 7.998409867E-01, 2.061144829E+00
 7.998411655E-01, 5.961074829E-01
 7.998414040E-01, 1.919452667E+00
 7.998416424E-01, 3.421509027E+00
 7.998418808E-01, 2.098136663E+00
 7.998420596E-01, 1.893087149E+00
 7.998422980E-01, 1.882570982E+00
 7.998424768E-01, 5.434026718E-01
 7.998427749E-01, 8.010025024E-01
 7.998429537E-01, 1.856355667E+00
 7.998431921E-01, 3.484531641E+00
 7.998433709E-01, 5.067646503E-01
 7.998436689E-01, 8.375771046E-01
 7.998438478E-01, 1.819834471E+00
 7.998440862E-01, 3.143348932E+00
 7.998442650E-01, 4.703369141E-01
 7.998445034E-01, 1.793876648E+00
 7.998448014E-01, 4.496154785E-01
 7.998449802E-01, 2.223369360E+00
 7.998451591E-01, 1.768026114E+00
 7.998453975E-01, 1.757715940E+00
 7.998456955E-01, 4.135181904E-01
 7.998458743E-01, 2.259429932E+00
 7.998461127E-01, 9.357910156E-01
 7.998462915E-01, 1.721765518E+00
 7.998464704E-01, 3.827450275E-01
 7.998467684E-01, 2.295280218E+00
 7.998470068E-01, 9.715845585E-01
 7.998471856E-01, 3.019924402E+00
 7.998473644E-01, 3.470382690E-01
 7.998476624E-01, 9.970226288E-01
 7.998479009E-01, 3.267288208E-01
 7.998480797E-01, 2.984391212E+00
 7.998483181E-01, 2.356248617E+00
 7.998484969E-01, 1.635332823E+00
 7.998487949E-01, 2.913525105E-01
 7.998489738E-01, 2.381469727E+00
 7.998492122E-01, 1.057636261E+00
 7.998493910E-01, 1.600103378E+00
 7.998496890E-01, 2.561864853E-01
 7.998498678E-01, 2.416599035E+00
 7.998501062E-01, 1.092708826E+00
 7.998502851E-01, 2.898971796E+00
 7.998505235E-01, 2.441562653E+00
 7.998507619E-01, 1.117631912E+00
 7.998510003E-01, 1.127571106E+00
 7.998511791E-01, 2.864159584E+00
 7.998514175E-01, 2.476331472E+00
 7.998516560E-01, 1.152343988E+00
 7.998518944E-01, 1.162223101E+00
 7.998520732E-01, 2.829557657E+00
 7.998523116E-01, 1.177009583E+00
 7.998524904E-01, 1.480913162E+00
 7.998527884E-01, 1.372137070E-01
 7.998529673E-01, 2.535445929E+00
 7.998532057E-01, 1.211361170E+00
 7.998533845E-01, 1.446614981E+00
 7.998536825E-01, 1.029789448E-01
 7.998539209E-01, 9.323620796E-02
 7.998540998E-01, 1.245502472E+00
 7.998542786E-01, 1.412527084E+00
 7.998545170E-01, 2.593942404E+00
 7.998548150E-01, 1.393142700E+00
 7.998549938E-01, 1.279433489E+00
 7.998551726E-01, 2.712518930E+00
 7.998554111E-01, 2.627779961E+00
 7.998557091E-01, 1.359385252E+00
 7.998558879E-01, 2.071285248E-02
 7.998561263E-01, 1.111602783E-02
 7.998563051E-01, 2.661407232E+00
 7.998564839E-01, 1.330617666E+00
 7.998567820E-01, 1.280093193E-02
 7.998570204E-01, 2.233767509E-02
 7.998571992E-01, 1.360961914E+00
 7.998574376E-01, 3.661060333E-02
 7.998576760E-01, 4.610443115E-02
 7.998579144E-01, 1.278278351E+00
 7.998580933E-01, 1.394171953E+00
 7.998583317E-01, 6.976389885E-02
 7.998585105E-01, 2.742197990E+00
 7.998588085E-01, 1.245241880E+00
 7.998589873E-01, 1.427171707E+00
 7.998592257E-01, 1.027069092E-01
 7.998594046E-01, 2.775104284E+00
 7.998597026E-01, 1.212415695E+00
 7.998598814E-01, 1.459961176E+00
 7.998601198E-01, 1.354396343E-01
 7.998602986E-01, 1.473949432E+00
 7.998605371E-01, 1.483253479E+00
 7.998607755E-01, 1.586914062E-01
 7.998610139E-01, 1.165885925E+00
 7.998611927E-01, 1.506438494E+00
 7.998614311E-01, 1.515682459E+00
 7.998616099E-01, 2.476627588E+00
 7.998619080E-01, 1.133570433E+00
 7.998620868E-01, 1.538717270E+00
 7.998623252E-01, 2.140579224E-01
 7.998625040E-01, 2.886329412E+00
 7.998628020E-01, 1.101465225E+00
 7.998629808E-01, 1.570785761E+00
 7.998632193E-01, 2.460696697E-01
 7.998633981E-01, 3.746339560E+00
 7.998636365E-01, 1.593563080E+00
 7.998639345E-01, 2.394333124E+00
 7.998641133E-01, 2.778711319E-01
 7.998642921E-01, 1.616233110E+00
 7.998645306E-01, 1.625271082E+00
 7.998647094E-01, 2.367210627E+00
 7.998650074E-01, 3.094623089E-01
 7.998652458E-01, 1.015382528E+00
 7.998654246E-01, 3.229370117E-01
 7.998656034E-01, 2.335762978E+00
 7.998659015E-01, 9.929866791E-01
 7.998661399E-01, 9.840583801E-01
 7.998663187E-01, 3.542277813E-01
 7.998665571E-01, 3.631293774E-01
 7.998667359E-01, 1.701400757E+00
 7.998670340E-01, 9.529445171E-01
 7.998672128E-01, 3.853082657E-01
 7.998674512E-01, 9.396743774E-01
 7.998676300E-01, 1.732387781E+00
 7.998679280E-01, 2.255863190E+00
 7.998681068E-01, 4.161784649E-01
 7.998683453E-01, 9.088609219E-01
 7.998685241E-01, 1.763164520E+00
 7.998687625E-01, 4.380998611E-01
 7.998690009E-01, 8.869800568E-01
 7.998692393E-01, 8.782577515E-01
 7.998694181E-01, 4.599139690E-01
 7.998696566E-01, 4.686095715E-01
 7.998698950E-01, 8.565270901E-01
 7.998701334E-01, 8.478648663E-01
 7.998703122E-01, 4.902734756E-01
 7.998705506E-01, 8.349037170E-01
 7.998707294E-01, 1.837032557E+00
 7.998710275E-01, 2.151493073E+00
 7.998712063E-01, 5.204226971E-01
 7.998714447E-01, 8.048112392E-01
 7.998716235E-01, 1.867088318E+00
 7.998719215E-01, 2.121517420E+00
 7.998721004E-01, 7.834453583E-01
 7.998723388E-01, 7.749290466E-01
 7.998725176E-01, 1.896933794E+00
 7.998727560E-01, 5.716178417E-01
 7.998730540E-01, 1.913893938E+00
 7.998732328E-01, 7.452571392E-01
 7.998734117E-01, 5.927667618E-01
 7.998736501E-01, 6.011962891E-01
 7.998739481E-01, 1.943408966E+00
 7.998741269E-01, 2.049594879E+00
 7.998743653E-01, 2.041214943E+00
 7.998745441E-01, 6.305644512E-01
 7.998747230E-01, 1.968540192E+00
 7.998750210E-01, 2.020340204E+00
 7.998752594E-01, 3.319004059E+00
 7.998754382E-01, 6.740722656E-01
 7.998756170E-01, 1.997664690E+00
 7.998759151E-01, 1.991295815E+00
 7.998761535E-01, 3.316827774E+00
 7.998763323E-01, 6.451213360E-01
 7.998765707E-01, 1.970678568E+00
 7.998767495E-01, 7.010116577E-01
 7.998770475E-01, 2.043006897E+00
 7.998772264E-01, 6.163806915E-01
 7.998774648E-01, 1.941994667E+00
 7.998776436E-01, 7.296588421E-01
 7.998779416E-01, 2.071590662E+00
 7.998781204E-01, 5.878503323E-01
 7.998783588E-01, 1.913521051E+00
 7.998785377E-01, 5.756874084E-01
 7.998787761E-01, 5.676002502E-01
 7.998790145E-01, 1.893311501E+00
 7.998792529E-01, 3.219038010E+00
 7.998794317E-01, 5.474574566E-01
 7.998796701E-01, 5.394303799E-01
 7.998799086E-01, 1.865198374E+00
 7.998801470E-01, 3.190981627E+00
 7.998803258E-01, 5.194377899E-01
 7.998805642E-01, 1.845246315E+00
 7.998807430E-01, 8.262813091E-01
 7.998810410E-01, 2.167995691E+00
 7.998812199E-01, 4.916284084E-01
 7.998814583E-01, 1.817493677E+00
 7.998816371E-01, 4.797744751E-01
 7.998819351E-01, 2.195648193E+00
 7.998821735E-01, 8.697404861E-01
 7.998823524E-01, 1.789951324E+00
 7.998825312E-01, 4.522655010E-01
 7.998827696E-01, 4.444444180E-01
 7.998830676E-01, 8.971259594E-01
 7.998832464E-01, 3.568552971E+00
 7.998834252E-01, 4.249668121E-01
 7.998836637E-01, 1.750969887E+00
 7.998839617E-01, 9.243011475E-01
 7.998841405E-01, 3.069259644E+00
 7.998843789E-01, 2.269644976E+00
 7.998845577E-01, 1.723938227E+00
 7.998847365E-01, 9.474267960E-01
 7.998850346E-01, 2.288860321E+00
 7.998852730E-01, 2.296516418E+00
 7.998854518E-01, 1.697116852E+00
 7.998856902E-01, 3.023248672E+00
 7.998859286E-01, 2.315581560E+00
 7.998861670E-01, 2.323177576E+00
 7.998863459E-01, 1.670505762E+00
 7.998865843E-01, 2.996694326E+00
 7.998867631E-01, 3.254127502E-01
 7.998870015E-01, 1.651626587E+00
 7.998872399E-01, 2.977855682E+00
 7.998874784E-01, 2.360900164E+00
 7.998876572E-01, 2.991054058E-01
 7.998879552E-01, 1.042120695E+00
 7.998881340E-01, 2.951661825E+00
 7.998883724E-01, 2.387050629E+00
 7.998885512E-01, 2.730083466E-01
 7.998887897E-01, 2.933080673E+00
 7.998889685E-01, 2.618882656E-01
 7.998892665E-01, 2.412990808E+00
 7.998894453E-01, 1.580864191E+00
 7.998896837E-01, 2.907247305E+00
 7.998899817E-01, 1.566164255E+00
 7.998901606E-01, 1.104980469E+00
 7.998903394E-01, 1.555184364E+00
 7.998905778E-01, 2.881624222E+00
 7.998907566E-01, 2.105052471E-01
 7.998909950E-01, 1.536970377E+00
 7.998912334E-01, 1.529714823E+00
 7.998914719E-01, 2.475112915E+00
 7.998916507E-01, 1.851291656E-01
 7.998918891E-01, 1.511651039E+00
 7.998921871E-01, 1.707229614E-01
 7.998923659E-01, 2.500332117E+00
 7.998925447E-01, 1.493694544E+00
 7.998927832E-01, 1.486541986E+00
 7.998929620E-01, 1.492424011E-01
 7.998932600E-01, 1.191612244E+00
 7.998934984E-01, 1.198719978E+00
 7.998936772E-01, 3.869722128E+00
 7.998938560E-01, 1.243770123E-01
 7.998941541E-01, 1.216414213E+00
 7.998943925E-01, 1.223461866E+00
 7.998945713E-01, 2.770678282E+00
 7.998948097E-01, 1.234001160E+00
 7.998949885E-01, 1.426438332E+00
 7.998952866E-01, 8.572769165E-02
 7.998954654E-01, 2.585201502E+00
 7.998957038E-01, 1.258442640E+00
 7.998958826E-01, 1.402050257E+00
 7.998961806E-01, 6.140303612E-02
 7.998963594E-01, 2.609489441E+00
 7.998965979E-01, 1.282673836E+00
 7.998967767E-01, 1.377872467E+00
 7.998970151E-01, 2.626709223E+00
 7.998972535E-01, 2.633567095E+00
 7.998974919E-01, 1.306694746E+00
 7.998976707E-01, 2.687617064E+00
 7.998979092E-01, 2.650636673E+00
 7.998981476E-01, 1.323723793E+00
 7.998983860E-01, 3.204345703E-03
 7.998985648E-01, 2.663856506E+00
 7.998988032E-01, 2.674353838E+00
 7.998989820E-01, 1.320030451E+00
 7.998992801E-01, 2.039933205E-02
 7.998994589E-01, 2.691165924E+00
 7.998996973E-01, 1.364155769E+00
 7.998998761E-01, 1.296573639E+00
 7.999001741E-01, 4.379272461E-02
 7.999003530E-01, 2.714522600E+00
 7.999005914E-01, 1.387455702E+00
 7.999007702E-01, 2.607027769E+00
 7.999010086E-01, 2.600423574E+00
 7.999013066E-01, 1.260137796E+00
 7.999014854E-01, 1.410545349E+00
 7.999016643E-01, 2.583988190E+00
 7.999019027E-01, 2.754073381E+00
 7.999022007E-01, 1.237221718E+00
 7.999023795E-01, 1.433424711E+00
 7.999026179E-01, 1.062290668E-01
 7.999027967E-01, 1.443165779E+00
 7.999029756E-01, 1.217746735E+00
 7.999032736E-01, 1.224021912E-01
 7.999035120E-01, 1.288414001E-01
 7.999036908E-01, 1.465744734E+00
 7.999039292E-01, 1.472157240E+00
 7.999041677E-01, 1.448643208E-01
 7.999044061E-01, 1.512434483E-01
 7.999045849E-01, 1.488113403E+00
 7.999048233E-01, 1.607799530E-01
 7.999050021E-01, 2.500253677E+00
 7.999053001E-01, 1.160248756E+00
 7.999054790E-01, 1.510271788E+00
 7.999057174E-01, 1.828815937E-01
 7.999058962E-01, 2.853385925E+00
 7.999061942E-01, 1.138263941E+00
 7.999063730E-01, 1.985397339E-01
 7.999066114E-01, 2.047729492E-01
 7.999067903E-01, 2.875240564E+00
 7.999070287E-01, 1.547768354E+00
 7.999072671E-01, 2.202808857E-01
 7.999075055E-01, 2.264540195E-01
 7.999076843E-01, 1.563209534E+00
 7.999079227E-01, 2.356815338E-01
 7.999081612E-01, 2.418117523E-01
 7.999083996E-01, 1.085747719E+00
 7.999085784E-01, 1.584646940E+00
 7.999088168E-01, 2.570621967E-01
 7.999089956E-01, 2.404207945E+00
 7.999092937E-01, 1.064483881E+00
 7.999094725E-01, 1.605874062E+00
 7.999097109E-01, 2.782325745E-01
 7.999098897E-01, 2.948574305E+00
 7.999101877E-01, 1.043430328E+00
 7.999104261E-01, 2.371118546E+00
 7.999106050E-01, 2.991926670E-01
 7.999107838E-01, 3.695847750E+00
 7.999110222E-01, 1.641774178E+00
 7.999113202E-01, 2.350332022E+00
 7.999114990E-01, 1.013718605E+00
 7.999117374E-01, 1.007827759E+00
 7.999119163E-01, 1.662430525E+00
 7.999122143E-01, 2.329755783E+00
 7.999123931E-01, 9.931757450E-01
 7.999126315E-01, 9.873449802E-01
 7.999128103E-01, 1.682876587E+00
 7.999129891E-01, 2.312286377E+00
 7.999132872E-01, 9.728431702E-01
 7.999135256E-01, 2.300725937E+00
 7.999137044E-01, 3.694593906E-01
 7.999139428E-01, 3.752033710E-01
 7.999141812E-01, 9.527208805E-01
 7.999144197E-01, 2.280660391E+00
 7.999145985E-01, 3.894882202E-01
 7.999148369E-01, 3.951721191E-01
 7.999150157E-01, 1.731655836E+00
 7.999153137E-01, 2.260805130E+00
 7.999154925E-01, 4.093067646E-01
 7.999157310E-01, 9.187147617E-01
 7.999159098E-01, 1.751380920E+00
 7.999162078E-01, 2.241160154E+00
 7.999163866E-01, 4.289150238E-01
 7.999166250E-01, 8.991632462E-01
 7.999168038E-01, 4.372541904E-01
 7.999170423E-01, 4.427921772E-01
 7.999172807E-01, 8.853266239E-01
 7.999175191E-01, 8.798220158E-01
 7.999176979E-01, 4.565620422E-01
 7.999179363E-01, 4.620399475E-01
 7.999182343E-01, 1.801136971E+00
 7.999184132E-01, 8.606910706E-01
 7.999185920E-01, 4.756596088E-01
 7.999188304E-01, 8.525564671E-01
 7.999190092E-01, 1.817413330E+00
 7.999193072E-01, 2.175402403E+00
 7.999195457E-01, 3.503665209E+00
 7.999197245E-01, 8.337259293E-01
 7.999199033E-01, 1.836207151E+00
 7.999202013E-01, 2.156688690E+00
 7.999204397E-01, 1.846852064E+00
 7.999206185E-01, 8.151056767E-01
 7.999208570E-01, 2.143450499E+00
 7.999210358E-01, 5.264358521E-01
 7.999213338E-01, 1.865315437E+00
 7.999215126E-01, 7.966957092E-01
 7.999217510E-01, 2.125097275E+00
 7.999219298E-01, 7.888700962E-01
 7.999222279E-01, 1.883568525E+00
 7.999224067E-01, 2.112116575E+00
 7.999226451E-01, 3.224946976E+00
 7.999228239E-01, 7.707605362E-01
 7.999230623E-01, 7.656250000E-01
 7.999233007E-01, 2.094123840E+00
 7.999235392E-01, 3.242896318E+00
 7.999237180E-01, 7.528612614E-01
 7.999239564E-01, 2.081400633E+00
 7.999241948E-01, 2.076341391E+00
 7.999244332E-01, 1.927021980E+00
 7.999246120E-01, 7.351722717E-01
 7.999248505E-01, 2.063768387E+00
 7.999250293E-01, 6.059553623E-01
 7.999253273E-01, 1.944554090E+00
 7.999255061E-01, 2.051302671E+00
 7.999257445E-01, 2.046346426E+00
 7.999259233E-01, 6.233406067E-01
 7.999262214E-01, 1.961875916E+00
 7.999264002E-01, 2.034030914E+00
 7.999266386E-01, 2.029134750E+00
 7.999268174E-01, 6.930887699E-01
 7.999270558E-01, 2.021822691E+00
 7.999273539E-01, 6.502354145E-01
 7.999275327E-01, 3.345734835E+00
 7.999277115E-01, 6.761207581E-01
 7.999279499E-01, 2.004911423E+00
 7.999282479E-01, 6.665191650E-01
 7.999284267E-01, 2.003067732E+00
 7.999286652E-01, 2.007832289E+00
 7.999288440E-01, 1.988210440E+00
 7.999290228E-01, 6.813507080E-01
 7.999293208E-01, 2.019668579E+00
 7.999295592E-01, 6.907787323E-01
 7.999297380E-01, 1.971719742E+00
 7.999299169E-01, 6.357882023E-01
 7.999302149E-01, 2.036059141E+00
 7.999304533E-01, 7.071125507E-01
 7.999306321E-01, 3.289029360E+00
 7.999308705E-01, 2.047637939E+00
 7.999310493E-01, 6.149377823E-01
 7.999313474E-01, 7.232360840E-01
 7.999315262E-01, 3.272955894E+00
 7.999317646E-01, 2.063668013E+00
 7.999319434E-01, 5.989611149E-01
 7.999322414E-01, 7.391493320E-01
 7.999324203E-01, 3.257092714E+00
 7.999326587E-01, 2.079487801E+00
 7.999328375E-01, 1.916776657E+00
 7.999330759E-01, 3.419784784E+00
 7.999333143E-01, 2.090658903E+00
 7.999335527E-01, 7.615177631E-01
 7.999337316E-01, 1.901217222E+00
 7.999339700E-01, 3.435300827E+00
 7.999342084E-01, 2.106118202E+00
 7.999344468E-01, 7.769203186E-01
 7.999346256E-01, 1.885868073E+00
 7.999348640E-01, 2.117031813E+00
 7.999350429E-01, 5.457804203E-01
 7.999353409E-01, 7.921125889E-01
 7.999355197E-01, 3.461410522E+00
 7.999357581E-01, 2.132130623E+00
 7.999359369E-01, 1.864305496E+00
 7.999362350E-01, 8.070945740E-01
 7.999364734E-01, 5.222320557E-01
 7.999366522E-01, 2.147019148E+00
 7.999368310E-01, 1.849467039E+00
 7.999370694E-01, 3.486902237E+00
 7.999373674E-01, 5.075170994E-01
 7.999375463E-01, 2.161697388E+00
 7.999377847E-01, 8.322887421E-01
 7.999379635E-01, 3.164260864E+00
 7.999382615E-01, 4.930124283E-01
 7.999384403E-01, 8.426039219E-01
 7.999386787E-01, 4.868605137E-01
 7.999388576E-01, 2.182301521E+00
 7.999390364E-01, 4.807472229E-01
 7.999393344E-01, 8.568649292E-01
 7.999395728E-01, 4.726562500E-01
 7.999397516E-01, 2.196469069E+00
 7.999399900E-01, 8.669226170E-01
 7.999402285E-01, 8.709156513E-01
 7.999404669E-01, 4.586622715E-01
 7.999406457E-01, 2.210426331E+00
 7.999408841E-01, 8.808231354E-01
 7.999410629E-01, 3.115898132E+00
 7.999413013E-01, 2.220267057E+00
 7.999415398E-01, 8.906233311E-01
 7.999417782E-01, 8.945133686E-01
 7.999419570E-01, 3.102257967E+00
 7.999422550E-01, 1.764852285E+00
 7.999424338E-01, 9.041633606E-01
 7.999426723E-01, 9.079933167E-01
 7.999428511E-01, 3.088828087E+00
 7.999430895E-01, 9.137060642E-01
 7.999432683E-01, 1.749593496E+00
 7.999435663E-01, 4.122793674E-01
 7.999437451E-01, 2.256683350E+00
 7.999439836E-01, 9.268856049E-01
 7.999442816E-01, 3.068148851E+00
 7.999444604E-01, 3.992166519E-01
 7.999446392E-01, 9.361708164E-01
 7.999448776E-01, 9.398548603E-01
 7.999450564E-01, 1.723551512E+00
 7.999452949E-01, 2.278884888E+00
 7.999455929E-01, 3.827307224E-01
 7.999457717E-01, 9.526138306E-01
 7.999459505E-01, 3.621486902E+00
 7.999462485E-01, 3.737220764E-01
 7.999464869E-01, 1.703680038E+00
 7.999466658E-01, 9.651625156E-01
 7.999469042E-01, 3.648207188E-01
 7.999470830E-01, 2.304005623E+00
 7.999472618E-01, 1.693059921E+00
 7.999475598E-01, 3.560266495E-01
 7.999477983E-01, 3.525390625E-01
 7.999479771E-01, 2.316250563E+00
 7.999482751E-01, 1.679140091E+00
 7.999484539E-01, 3.438951969E-01
 7.999486923E-01, 3.404676914E-01
 7.999488711E-01, 9.947624207E-01
 7.999491096E-01, 3.353586197E-01
 7.999492884E-01, 2.333378553E+00
 7.999495864E-01, 1.662126541E+00
 7.999497652E-01, 1.006590128E+00
 7.999500036E-01, 3.235876560E-01
 7.999501824E-01, 2.345112801E+00
 7.999504805E-01, 1.650472403E+00
 7.999506593E-01, 1.018207550E+00
 7.999508977E-01, 3.120269775E-01
 7.999510765E-01, 2.356636763E+00
 7.999513149E-01, 1.026376963E+00
 7.999515533E-01, 1.029614687E+00
 7.999517918E-01, 3.006765842E-01
 7.999519706E-01, 1.034439087E+00
 7.999522090E-01, 1.037633896E+00
 7.999524474E-01, 2.926979065E-01
 7.999526858E-01, 1.623044968E+00
 7.999528646E-01, 1.045545816E+00
 7.999531031E-01, 1.048680544E+00
 7.999532819E-01, 2.948720217E+00
 7.999535799E-01, 1.612111807E+00
 7.999537587E-01, 1.056442261E+00
 7.999539971E-01, 2.739868164E-01
 7.999541759E-01, 2.394551039E+00
 7.999544740E-01, 1.601388931E+00
 7.999547124E-01, 2.931864738E+00
 7.999548912E-01, 2.633574009E-01
 7.999550700E-01, 1.071643829E+00
 7.999553084E-01, 1.074632645E+00
 7.999556065E-01, 2.921408892E+00
 7.999557853E-01, 2.529382706E-01
 7.999560237E-01, 2.500000000E-01
 7.999562025E-01, 1.084958315E+00
 7.999565005E-01, 2.421364546E+00
 7.999566793E-01, 2.427294254E-01
 7.999569178E-01, 1.573343992E+00
 7.999570966E-01, 2.384185791E-01
 7.999572754E-01, 2.902548790E+00
 7.999575734E-01, 2.327308655E-01
 7.999578118E-01, 1.563402176E+00
 7.999579906E-01, 2.285101414E-01
 7.999582291E-01, 2.257177830E-01
 7.999584675E-01, 1.556429625E+00
 7.999587059E-01, 1.553670645E+00
 7.999588847E-01, 2.188119888E-01
 7.999591231E-01, 2.160797119E-01
 7.999593019E-01, 1.118764162E+00
 7.999596000E-01, 3.788436174E+00
 7.999597788E-01, 2.093241215E-01
 7.999600172E-01, 1.540133238E+00
 7.999601960E-01, 1.128158569E+00
 7.999604940E-01, 2.868317842E+00
 7.999606729E-01, 2.000465393E-01
 7.999609113E-01, 1.530912399E+00
 7.999610901E-01, 1.137342691E+00
 7.999613285E-01, 1.935484409E-01
 7.999615669E-01, 1.524454832E+00
 7.999618053E-01, 1.521901846E+00
 7.999619842E-01, 1.146316528E+00
 7.999622226E-01, 1.846313477E-01
 7.999625206E-01, 1.151350021E+00
 7.999626994E-01, 1.513101578E+00
 7.999628782E-01, 1.783907413E-01
 7.999631166E-01, 1.509394407E+00
 7.999632955E-01, 1.158771515E+00
 7.999635935E-01, 2.837979555E+00
 7.999638319E-01, 2.497100830E+00
 7.999640107E-01, 1.500894547E+00
 7.999641895E-01, 1.167234659E+00
 7.999644876E-01, 2.829596519E+00
 7.999647260E-01, 2.505440474E+00
 7.999649048E-01, 1.492604971E+00
 7.999651432E-01, 2.823737383E+00
 7.999653220E-01, 1.556549072E-01
 7.999656200E-01, 1.180109024E+00
 7.999657989E-01, 1.484525681E+00
 7.999660373E-01, 2.815714836E+00
 7.999662161E-01, 1.476690769E-01
 7.999665141E-01, 1.188031435E+00
 7.999666929E-01, 2.810113192E+00
 7.999669313E-01, 2.807902575E+00
 7.999671102E-01, 1.398935318E-01
 7.999673486E-01, 1.471164703E+00
 7.999675870E-01, 2.802451134E+00
 7.999678254E-01, 2.532437086E+00
 7.999680042E-01, 1.323282719E-01
 7.999682426E-01, 1.463656187E+00
 7.999684811E-01, 2.794999361E+00
 7.999687195E-01, 2.539845467E+00
 7.999688983E-01, 1.458421707E+00
 7.999691367E-01, 1.456357956E+00
 7.999693155E-01, 1.218855381E-01
 7.999696136E-01, 1.213597536E+00
 7.999697924E-01, 1.451273680E+00
 7.999700308E-01, 3.883508682E+00
 7.999702096E-01, 1.148309708E-01
 7.999705076E-01, 1.220588684E+00
 7.999706864E-01, 1.444335938E+00
 7.999709249E-01, 2.775833130E+00
 7.999711037E-01, 1.079866886E-01
 7.999713421E-01, 1.439509153E+00
 7.999716401E-01, 1.041700840E-01
 7.999718189E-01, 2.563649178E+00
 7.999719977E-01, 1.434789658E+00
 7.999722362E-01, 1.432931900E+00
 7.999725342E-01, 9.765625000E-02
 7.999727130E-01, 2.570126295E+00
 7.999729514E-01, 1.238504648E+00
 7.999731302E-01, 1.426564932E+00
 7.999733090E-01, 9.224033356E-02
 7.999736071E-01, 2.576393127E+00
 7.999738455E-01, 1.244714737E+00
 7.999740243E-01, 2.753837585E+00
 7.999742627E-01, 2.580740690E+00
 7.999745011E-01, 1.249021769E+00
 7.999747396E-01, 8.271241188E-02
 7.999749184E-01, 2.747887850E+00
 7.999751568E-01, 2.586647034E+00
 7.999753356E-01, 1.411977768E+00
 7.999756336E-01, 7.691955566E-02
 7.999758124E-01, 2.590737104E+00
 7.999760509E-01, 1.258920908E+00
 7.999762297E-01, 1.406331778E+00
 7.999765277E-01, 7.133698463E-02
 7.999767065E-01, 2.596282959E+00
 7.999769449E-01, 1.264410019E+00
 7.999771237E-01, 2.734313965E+00
 7.999773622E-01, 2.732798576E+00
 7.999776006E-01, 2.601618528E+00
 7.999778390E-01, 1.269688845E+00
 7.999780178E-01, 2.729085207E+00
 7.999782562E-01, 2.605300903E+00
 7.999784946E-01, 1.273330688E+00
 7.999787331E-01, 1.274757385E+00
 7.999789119E-01, 2.724066734E+00
 7.999791503E-01, 2.610275984E+00
 7.999793291E-01, 1.388570547E+00
 7.999796271E-01, 1.279615641E+00
 7.999798059E-01, 2.613700867E+00
 7.999800444E-01, 1.281633377E+00
 7.999802232E-01, 1.383855820E+00
 7.999805212E-01, 4.914188385E-02
 7.999807596E-01, 4.785156250E-02
 7.999809384E-01, 1.286191225E+00
 7.999811172E-01, 1.379351377E+00
 7.999813557E-01, 2.711505175E+00
 7.999816537E-01, 4.347062111E-02
 7.999818325E-01, 1.290538788E+00
 7.999820709E-01, 4.165744781E-02
 7.999822497E-01, 2.625736952E+00
 7.999825478E-01, 1.372697830E+00
 7.999827266E-01, 1.294676065E+00
 7.999829650E-01, 3.757691383E-02
 7.999831438E-01, 2.629780769E+00
 7.999833822E-01, 1.297502518E+00
 7.999836206E-01, 3.479099274E-02
 7.999838591E-01, 3.370666504E-02
 7.999840379E-01, 2.633614302E+00
 7.999842763E-01, 1.301279306E+00
 7.999845147E-01, 3.107094765E-02
 7.999847531E-01, 3.004670143E-02
 7.999849319E-01, 1.303848267E+00
 7.999851704E-01, 2.854251862E-02
 7.999853492E-01, 2.694335938E+00
 7.999856472E-01, 1.359983444E+00
 7.999858260E-01, 1.307264566E+00
 7.999860644E-01, 2.518296242E-02
 7.999862432E-01, 2.642048836E+00
 7.999865413E-01, 1.356740713E+00
 7.999867201E-01, 1.310470581E+00
 7.999869585E-01, 2.203369141E-02
 7.999871373E-01, 2.645161390E+00
 7.999873757E-01, 1.312631845E+00
 7.999876738E-01, 3.980224848E+00
 7.999878526E-01, 1.909470558E-02
 7.999880314E-01, 2.648063660E+00
 7.999882698E-01, 1.315477371E+00
 7.999885678E-01, 2.683493853E+00
 7.999887466E-01, 1.636600494E-02
 7.999889255E-01, 1.317381144E+00
 7.999891639E-01, 1.318112612E+00
 7.999893427E-01, 2.681290865E+00
 7.999896407E-01, 1.347219229E+00
 7.999898791E-01, 1.346537352E+00
 7.999900579E-01, 1.320537567E+00
 7.999902368E-01, 2.678915977E+00
 7.999905348E-01, 1.344907761E+00
 7.999907732E-01, 1.344285965E+00
 7.999909520E-01, 1.061463356E-02
 7.999911904E-01, 1.001954079E-02
 7.999913692E-01, 1.323637009E+00
 7.999916673E-01, 2.675608873E+00
 7.999918461E-01, 8.606910706E-03
 7.999920845E-01, 8.071899414E-03
 7.999922633E-01, 1.325551271E+00
 7.999925613E-01, 2.673774719E+00
 7.999927402E-01, 6.809473038E-03
 7.999929786E-01, 1.339693785E+00
 7.999931574E-01, 1.327255249E+00
 7.999933958E-01, 5.654335022E-03
 7.999936342E-01, 5.222320557E-03
 7.999938726E-01, 1.338163376E+00
 7.999940515E-01, 4.606485367E-03
 7.999942899E-01, 4.217386246E-03
 7.999945283E-01, 1.337198973E+00
 7.999947667E-01, 1.336843252E+00
 7.999949455E-01, 3.319740295E-03
 7.999951839E-01, 2.990722656E-03
 7.999953628E-01, 2.663868666E+00
 7.999956608E-01, 1.335733414E+00
 7.999958396E-01, 2.243280411E-03
 7.999960780E-01, 1.974344254E-03
 7.999962568E-01, 1.331501007E+00
 7.999965549E-01, 3.998435974E+00
 7.999967933E-01, 2.665313721E+00
 7.999969721E-01, 1.334512711E+00
 7.999971509E-01, 1.332273722E+00
 7.999973893E-01, 8.871555328E-04
 7.999976873E-01, 1.332620859E+00
 7.999978662E-01, 1.333913565E+00
 7.999980450E-01, 1.332836151E+00
 7.999982834E-01, 3.814697266E-04
 7.999985814E-01, 1.333063126E+00
 7.999987602E-01, 1.333524704E+00
 7.999989986E-01, 2.666789055E+00
 7.999991775E-01, 8.606910706E-05
 7.999993563E-01, 1.333274841E+00
 7.999996543E-01, 1.333346128E+00
 7.999998927E-01, 2.666667223E+00
